date,dow,dow_name,is_weekend,iso_year,iso_week,is_payday,festival,festival_ramp,is_holiday,monsoon,is_operating
2024-01-01,0,Mon,0,2024,1,0,,0.0,0,0,1
2024-01-02,1,Tue,0,2024,1,0,,0.0,0,0,1
2024-01-03,2,Wed,0,2024,1,0,,0.0,0,0,1
2024-01-04,3,Thu,0,2024,1,0,,0.0,0,0,1
2024-01-05,4,Fri,0,2024,1,0,,0.0,0,0,1
2024-01-06,5,Sat,0,2024,1,0,,0.1,0,0,1
2024-01-07,6,Sun,1,2024,1,0,,0.2,0,0,0
2024-01-08,0,Mon,0,2024,2,0,,0.3,0,0,1
2024-01-09,1,Tue,0,2024,2,0,,0.4,0,0,1
2024-01-10,2,Wed,0,2024,2,0,,0.5,0,0,1
2024-01-11,3,Thu,0,2024,2,0,,0.6,0,0,1
2024-01-12,4,Fri,0,2024,2,0,,0.7,0,0,1
2024-01-13,5,Sat,0,2024,2,0,,0.8,0,0,1
2024-01-14,6,Sun,1,2024,2,0,,0.9,0,0,0
2024-01-15,0,Mon,0,2024,3,0,thai_pongal,1.0,1,0,1
2024-01-16,1,Tue,0,2024,3,0,,0.0,0,0,1
2024-01-17,2,Wed,0,2024,3,0,,0.0,0,0,1
2024-01-18,3,Thu,0,2024,3,0,,0.0,0,0,1
2024-01-19,4,Fri,0,2024,3,0,,0.0,0,0,1
2024-01-20,5,Sat,0,2024,3,0,,0.0,0,0,1
2024-01-21,6,Sun,1,2024,3,0,,0.0,0,0,0
2024-01-22,0,Mon,0,2024,4,0,,0.0,0,0,1
2024-01-23,1,Tue,0,2024,4,0,,0.0,0,0,1
2024-01-24,2,Wed,0,2024,4,0,,0.0,0,0,1
2024-01-25,3,Thu,0,2024,4,1,,0.0,0,0,1
2024-01-26,4,Fri,0,2024,4,0,,0.0,0,0,1
2024-01-27,5,Sat,0,2024,4,0,,0.0,0,0,1
2024-01-28,6,Sun,1,2024,4,0,,0.0,0,0,0
2024-01-29,0,Mon,0,2024,5,0,,0.0,0,0,1
2024-01-30,1,Tue,0,2024,5,0,,0.0,0,0,1
2024-01-31,2,Wed,0,2024,5,1,,0.0,0,0,1
2024-02-01,3,Thu,0,2024,5,0,,0.0,0,0,1
2024-02-02,4,Fri,0,2024,5,0,,0.0,0,0,1
2024-02-03,5,Sat,0,2024,5,0,,0.0,0,0,1
2024-02-04,6,Sun,1,2024,5,0,,0.0,0,0,0
2024-02-05,0,Mon,0,2024,6,0,,0.0,0,0,1
2024-02-06,1,Tue,0,2024,6,0,,0.0,0,0,1
2024-02-07,2,Wed,0,2024,6,0,,0.0,0,0,1
2024-02-08,3,Thu,0,2024,6,0,,0.0,0,0,1
2024-02-09,4,Fri,0,2024,6,0,,0.0,0,0,1
2024-02-10,5,Sat,0,2024,6,0,,0.0,0,0,1
2024-02-11,6,Sun,1,2024,6,0,,0.0,0,0,0
2024-02-12,0,Mon,0,2024,7,0,,0.0,0,0,1
2024-02-13,1,Tue,0,2024,7,0,,0.0,0,0,1
2024-02-14,2,Wed,0,2024,7,0,,0.0,0,0,1
2024-02-15,3,Thu,0,2024,7,0,,0.0,0,0,1
2024-02-16,4,Fri,0,2024,7,0,,0.0,0,0,1
2024-02-17,5,Sat,0,2024,7,0,,0.0,0,0,1
2024-02-18,6,Sun,1,2024,7,0,,0.0,0,0,0
2024-02-19,0,Mon,0,2024,8,0,,0.0,0,0,1
2024-02-20,1,Tue,0,2024,8,0,,0.0,0,0,1
2024-02-21,2,Wed,0,2024,8,0,,0.0,0,0,1
2024-02-22,3,Thu,0,2024,8,0,,0.0,0,0,1
2024-02-23,4,Fri,0,2024,8,0,,0.0,0,0,1
2024-02-24,5,Sat,0,2024,8,1,,0.0,0,0,1
2024-02-25,6,Sun,1,2024,8,0,,0.0,0,0,0
2024-02-26,0,Mon,0,2024,9,0,,0.0,0,0,1
2024-02-27,1,Tue,0,2024,9,0,,0.0,0,0,1
2024-02-28,2,Wed,0,2024,9,0,,0.0,0,0,1
2024-02-29,3,Thu,0,2024,9,1,,0.0,0,0,1
2024-03-01,4,Fri,0,2024,9,0,,0.0,0,1,1
2024-03-02,5,Sat,0,2024,9,0,,0.0,0,1,1
2024-03-03,6,Sun,1,2024,9,0,,0.0,0,1,0
2024-03-04,0,Mon,0,2024,10,0,,0.0,0,1,1
2024-03-05,1,Tue,0,2024,10,0,,0.0,0,1,1
2024-03-06,2,Wed,0,2024,10,0,,0.0,0,1,1
2024-03-07,3,Thu,0,2024,10,0,,0.0,0,1,1
2024-03-08,4,Fri,0,2024,10,0,,0.0,0,1,1
2024-03-09,5,Sat,0,2024,10,0,,0.0,0,1,1
2024-03-10,6,Sun,1,2024,10,0,,0.0,0,1,0
2024-03-11,0,Mon,0,2024,11,0,,0.0,0,1,1
2024-03-12,1,Tue,0,2024,11,0,,0.0,0,1,1
2024-03-13,2,Wed,0,2024,11,0,,0.0,0,1,1
2024-03-14,3,Thu,0,2024,11,0,,0.0,0,1,1
2024-03-15,4,Fri,0,2024,11,0,,0.0,0,1,1
2024-03-16,5,Sat,0,2024,11,0,,0.0,0,1,1
2024-03-17,6,Sun,1,2024,11,0,,0.0,0,1,0
2024-03-18,0,Mon,0,2024,12,0,,0.0,0,1,1
2024-03-19,1,Tue,0,2024,12,0,,0.0,0,1,1
2024-03-20,2,Wed,0,2024,12,0,,0.0,0,1,1
2024-03-21,3,Thu,0,2024,12,0,,0.0,0,1,1
2024-03-22,4,Fri,0,2024,12,0,,0.0,0,1,1
2024-03-23,5,Sat,0,2024,12,0,,0.0,0,1,1
2024-03-24,6,Sun,1,2024,12,0,,0.0,0,1,0
2024-03-25,0,Mon,0,2024,13,1,,0.0,0,1,1
2024-03-26,1,Tue,0,2024,13,0,,0.0,0,1,1
2024-03-27,2,Wed,0,2024,13,0,,0.0,0,1,1
2024-03-28,3,Thu,0,2024,13,0,,0.0,0,1,1
2024-03-29,4,Fri,0,2024,13,0,,0.0,0,1,1
2024-03-30,5,Sat,0,2024,13,1,,0.0,0,1,1
2024-03-31,6,Sun,1,2024,13,0,,0.0,0,1,0
2024-04-01,0,Mon,0,2024,14,0,,0.0,0,1,1
2024-04-02,1,Tue,0,2024,14,0,,0.0,0,1,1
2024-04-03,2,Wed,0,2024,14,0,,0.0,0,1,1
2024-04-04,3,Thu,0,2024,14,0,,0.1,0,1,1
2024-04-05,4,Fri,0,2024,14,0,,0.2,0,1,1
2024-04-06,5,Sat,0,2024,14,0,,0.3,0,1,1
2024-04-07,6,Sun,1,2024,14,0,,0.4,0,1,0
2024-04-08,0,Mon,0,2024,15,0,,0.5,0,1,1
2024-04-09,1,Tue,0,2024,15,0,,0.6,0,1,1
2024-04-10,2,Wed,0,2024,15,0,,0.7,0,1,1
2024-04-11,3,Thu,0,2024,15,0,,0.8,0,1,1
2024-04-12,4,Fri,0,2024,15,0,,0.9,0,1,1
2024-04-13,5,Sat,0,2024,15,0,new_year,1.0,1,1,0
2024-04-14,6,Sun,1,2024,15,0,,0.0,1,1,0
2024-04-15,0,Mon,0,2024,16,0,,0.0,0,1,1
2024-04-16,1,Tue,0,2024,16,0,,0.0,0,1,1
2024-04-17,2,Wed,0,2024,16,0,,0.0,0,1,1
2024-04-18,3,Thu,0,2024,16,0,,0.0,0,1,1
2024-04-19,4,Fri,0,2024,16,0,,0.0,0,1,1
2024-04-20,5,Sat,0,2024,16,0,,0.0,0,1,1
2024-04-21,6,Sun,1,2024,16,0,,0.0,0,1,0
2024-04-22,0,Mon,0,2024,17,0,,0.0,0,1,1
2024-04-23,1,Tue,0,2024,17,0,,0.0,0,1,1
2024-04-24,2,Wed,0,2024,17,0,,0.0,0,1,1
2024-04-25,3,Thu,0,2024,17,1,,0.0,0,1,1
2024-04-26,4,Fri,0,2024,17,0,,0.0,0,1,1
2024-04-27,5,Sat,0,2024,17,0,,0.0,0,1,1
2024-04-28,6,Sun,1,2024,17,0,,0.0,0,1,0
2024-04-29,0,Mon,0,2024,18,0,,0.0,0,1,1
2024-04-30,1,Tue,0,2024,18,1,,0.0,0,1,1
2024-05-01,2,Wed,0,2024,18,0,,0.0,1,1,0
2024-05-02,3,Thu,0,2024,18,0,,0.0,0,1,1
2024-05-03,4,Fri,0,2024,18,0,,0.0,0,1,1
2024-05-04,5,Sat,0,2024,18,0,,0.0,0,1,1
2024-05-05,6,Sun,1,2024,18,0,,0.0,0,1,0
2024-05-06,0,Mon,0,2024,19,0,,0.0,0,1,1
2024-05-07,1,Tue,0,2024,19,0,,0.0,0,1,1
2024-05-08,2,Wed,0,2024,19,0,,0.0,0,1,1
2024-05-09,3,Thu,0,2024,19,0,,0.0,0,1,1
2024-05-10,4,Fri,0,2024,19,0,,0.0,0,1,1
2024-05-11,5,Sat,0,2024,19,0,,0.0,0,1,1
2024-05-12,6,Sun,1,2024,19,0,,0.0,0,1,0
2024-05-13,0,Mon,0,2024,20,0,,0.0,0,1,1
2024-05-14,1,Tue,0,2024,20,0,,0.1,0,1,1
2024-05-15,2,Wed,0,2024,20,0,,0.2,0,1,1
2024-05-16,3,Thu,0,2024,20,0,,0.3,0,1,1
2024-05-17,4,Fri,0,2024,20,0,,0.4,0,1,1
2024-05-18,5,Sat,0,2024,20,0,,0.5,0,1,1
2024-05-19,6,Sun,1,2024,20,0,,0.6,0,1,0
2024-05-20,0,Mon,0,2024,21,0,,0.7,0,1,1
2024-05-21,1,Tue,0,2024,21,0,,0.8,0,1,1
2024-05-22,2,Wed,0,2024,21,0,,0.9,0,1,1
2024-05-23,3,Thu,0,2024,21,0,vesak,1.0,1,1,1
2024-05-24,4,Fri,0,2024,21,0,,0.0,0,1,1
2024-05-25,5,Sat,0,2024,21,1,,0.0,0,1,1
2024-05-26,6,Sun,1,2024,21,0,,0.0,0,1,0
2024-05-27,0,Mon,0,2024,22,0,,0.0,0,1,1
2024-05-28,1,Tue,0,2024,22,0,,0.0,0,1,1
2024-05-29,2,Wed,0,2024,22,0,,0.0,0,1,1
2024-05-30,3,Thu,0,2024,22,0,,0.0,0,1,1
2024-05-31,4,Fri,0,2024,22,1,,0.0,0,1,1
2024-06-01,5,Sat,0,2024,22,0,,0.0,0,1,1
2024-06-02,6,Sun,1,2024,22,0,,0.0,0,1,0
2024-06-03,0,Mon,0,2024,23,0,,0.0,0,1,1
2024-06-04,1,Tue,0,2024,23,0,,0.0,0,1,1
2024-06-05,2,Wed,0,2024,23,0,,0.0,0,1,1
2024-06-06,3,Thu,0,2024,23,0,,0.0,0,1,1
2024-06-07,4,Fri,0,2024,23,0,,0.0,0,1,1
2024-06-08,5,Sat,0,2024,23,0,,0.0,0,1,1
2024-06-09,6,Sun,1,2024,23,0,,0.0,0,1,0
2024-06-10,0,Mon,0,2024,24,0,,0.0,0,1,1
2024-06-11,1,Tue,0,2024,24,0,,0.0,0,1,1
2024-06-12,2,Wed,0,2024,24,0,,0.1,0,1,1
2024-06-13,3,Thu,0,2024,24,0,,0.2,0,1,1
2024-06-14,4,Fri,0,2024,24,0,,0.3,0,1,1
2024-06-15,5,Sat,0,2024,24,0,,0.4,0,1,1
2024-06-16,6,Sun,1,2024,24,0,,0.5,0,1,0
2024-06-17,0,Mon,0,2024,25,0,,0.6,0,1,1
2024-06-18,1,Tue,0,2024,25,0,,0.7,0,1,1
2024-06-19,2,Wed,0,2024,25,0,,0.8,0,1,1
2024-06-20,3,Thu,0,2024,25,0,,0.9,0,1,1
2024-06-21,4,Fri,0,2024,25,0,poson,1.0,1,1,1
2024-06-22,5,Sat,0,2024,25,0,,0.0,0,1,1
2024-06-23,6,Sun,1,2024,25,0,,0.0,0,1,0
2024-06-24,0,Mon,0,2024,26,0,,0.0,0,1,1
2024-06-25,1,Tue,0,2024,26,1,,0.0,0,1,1
2024-06-26,2,Wed,0,2024,26,0,,0.0,0,1,1
2024-06-27,3,Thu,0,2024,26,0,,0.0,0,1,1
2024-06-28,4,Fri,0,2024,26,0,,0.0,0,1,1
2024-06-29,5,Sat,0,2024,26,1,,0.0,0,1,1
2024-06-30,6,Sun,1,2024,26,0,,0.0,0,1,0
2024-07-01,0,Mon,0,2024,27,0,,0.0,0,0,1
2024-07-02,1,Tue,0,2024,27,0,,0.0,0,0,1
2024-07-03,2,Wed,0,2024,27,0,,0.0,0,0,1
2024-07-04,3,Thu,0,2024,27,0,,0.0,0,0,1
2024-07-05,4,Fri,0,2024,27,0,,0.0,0,0,1
2024-07-06,5,Sat,0,2024,27,0,,0.0,0,0,1
2024-07-07,6,Sun,1,2024,27,0,,0.0,0,0,0
2024-07-08,0,Mon,0,2024,28,0,,0.0,0,0,1
2024-07-09,1,Tue,0,2024,28,0,,0.0,0,0,1
2024-07-10,2,Wed,0,2024,28,0,,0.0,0,0,1
2024-07-11,3,Thu,0,2024,28,0,,0.0,0,0,1
2024-07-12,4,Fri,0,2024,28,0,,0.0,0,0,1
2024-07-13,5,Sat,0,2024,28,0,,0.0,0,0,1
2024-07-14,6,Sun,1,2024,28,0,,0.0,0,0,0
2024-07-15,0,Mon,0,2024,29,0,,0.0,0,0,1
2024-07-16,1,Tue,0,2024,29,0,,0.0,0,0,1
2024-07-17,2,Wed,0,2024,29,0,,0.0,0,0,1
2024-07-18,3,Thu,0,2024,29,0,,0.0,0,0,1
2024-07-19,4,Fri,0,2024,29,0,,0.0,0,0,1
2024-07-20,5,Sat,0,2024,29,0,,0.0,0,0,1
2024-07-21,6,Sun,1,2024,29,0,,0.0,0,0,0
2024-07-22,0,Mon,0,2024,30,0,,0.0,0,0,1
2024-07-23,1,Tue,0,2024,30,0,,0.0,0,0,1
2024-07-24,2,Wed,0,2024,30,0,,0.0,0,0,1
2024-07-25,3,Thu,0,2024,30,1,,0.0,0,0,1
2024-07-26,4,Fri,0,2024,30,0,,0.0,0,0,1
2024-07-27,5,Sat,0,2024,30,0,,0.0,0,0,1
2024-07-28,6,Sun,1,2024,30,0,,0.0,0,0,0
2024-07-29,0,Mon,0,2024,31,0,,0.0,0,0,1
2024-07-30,1,Tue,0,2024,31,0,,0.0,0,0,1
2024-07-31,2,Wed,0,2024,31,1,,0.0,0,0,1
2024-08-01,3,Thu,0,2024,31,0,,0.0,0,0,1
2024-08-02,4,Fri,0,2024,31,0,,0.0,0,0,1
2024-08-03,5,Sat,0,2024,31,0,,0.0,0,0,1
2024-08-04,6,Sun,1,2024,31,0,,0.0,0,0,0
2024-08-05,0,Mon,0,2024,32,0,,0.0,0,0,1
2024-08-06,1,Tue,0,2024,32,0,,0.0,0,0,1
2024-08-07,2,Wed,0,2024,32,0,,0.0,0,0,1
2024-08-08,3,Thu,0,2024,32,0,,0.0,0,0,1
2024-08-09,4,Fri,0,2024,32,0,,0.0,0,0,1
2024-08-10,5,Sat,0,2024,32,0,,0.1,0,0,1
2024-08-11,6,Sun,1,2024,32,0,,0.2,0,0,0
2024-08-12,0,Mon,0,2024,33,0,,0.3,0,0,1
2024-08-13,1,Tue,0,2024,33,0,,0.4,0,0,1
2024-08-14,2,Wed,0,2024,33,0,,0.5,0,0,1
2024-08-15,3,Thu,0,2024,33,0,,0.6,0,0,1
2024-08-16,4,Fri,0,2024,33,0,,0.7,0,0,1
2024-08-17,5,Sat,0,2024,33,0,,0.8,0,0,1
2024-08-18,6,Sun,1,2024,33,0,,0.9,0,0,0
2024-08-19,0,Mon,0,2024,34,0,esala,1.0,1,0,1
2024-08-20,1,Tue,0,2024,34,0,,0.0,0,0,1
2024-08-21,2,Wed,0,2024,34,0,,0.0,0,0,1
2024-08-22,3,Thu,0,2024,34,0,,0.0,0,0,1
2024-08-23,4,Fri,0,2024,34,0,,0.0,0,0,1
2024-08-24,5,Sat,0,2024,34,1,,0.0,0,0,1
2024-08-25,6,Sun,1,2024,34,0,,0.0,0,0,0
2024-08-26,0,Mon,0,2024,35,0,,0.0,0,0,1
2024-08-27,1,Tue,0,2024,35,0,,0.0,0,0,1
2024-08-28,2,Wed,0,2024,35,0,,0.0,0,0,1
2024-08-29,3,Thu,0,2024,35,0,,0.0,0,0,1
2024-08-30,4,Fri,0,2024,35,0,,0.0,0,0,1
2024-08-31,5,Sat,0,2024,35,1,,0.0,0,0,1
2024-09-01,6,Sun,1,2024,35,0,,0.0,0,0,0
2024-09-02,0,Mon,0,2024,36,0,,0.0,0,0,1
2024-09-03,1,Tue,0,2024,36,0,,0.0,0,0,1
2024-09-04,2,Wed,0,2024,36,0,,0.0,0,0,1
2024-09-05,3,Thu,0,2024,36,0,,0.0,0,0,1
2024-09-06,4,Fri,0,2024,36,0,,0.0,0,0,1
2024-09-07,5,Sat,0,2024,36,0,,0.0,0,0,1
2024-09-08,6,Sun,1,2024,36,0,,0.0,0,0,0
2024-09-09,0,Mon,0,2024,37,0,,0.0,0,0,1
2024-09-10,1,Tue,0,2024,37,0,,0.0,0,0,1
2024-09-11,2,Wed,0,2024,37,0,,0.0,0,0,1
2024-09-12,3,Thu,0,2024,37,0,,0.0,0,0,1
2024-09-13,4,Fri,0,2024,37,0,,0.0,0,0,1
2024-09-14,5,Sat,0,2024,37,0,,0.0,0,0,1
2024-09-15,6,Sun,1,2024,37,0,,0.0,0,0,0
2024-09-16,0,Mon,0,2024,38,0,,0.0,0,0,1
2024-09-17,1,Tue,0,2024,38,0,,0.0,0,0,1
2024-09-18,2,Wed,0,2024,38,0,,0.0,0,0,1
2024-09-19,3,Thu,0,2024,38,0,,0.0,0,0,1
2024-09-20,4,Fri,0,2024,38,0,,0.0,0,0,1
2024-09-21,5,Sat,0,2024,38,0,,0.0,0,0,1
2024-09-22,6,Sun,1,2024,38,0,,0.0,0,0,0
2024-09-23,0,Mon,0,2024,39,0,,0.0,0,0,1
2024-09-24,1,Tue,0,2024,39,0,,0.0,0,0,1
2024-09-25,2,Wed,0,2024,39,1,,0.0,0,0,1
2024-09-26,3,Thu,0,2024,39,0,,0.0,0,0,1
2024-09-27,4,Fri,0,2024,39,0,,0.0,0,0,1
2024-09-28,5,Sat,0,2024,39,0,,0.0,0,0,1
2024-09-29,6,Sun,1,2024,39,0,,0.0,0,0,0
2024-09-30,0,Mon,0,2024,40,1,,0.0,0,0,1
2024-10-01,1,Tue,0,2024,40,0,,0.0,0,1,1
2024-10-02,2,Wed,0,2024,40,0,,0.0,0,1,1
2024-10-03,3,Thu,0,2024,40,0,,0.0,0,1,1
2024-10-04,4,Fri,0,2024,40,0,,0.0,0,1,1
2024-10-05,5,Sat,0,2024,40,0,,0.0,0,1,1
2024-10-06,6,Sun,1,2024,40,0,,0.0,0,1,0
2024-10-07,0,Mon,0,2024,41,0,,0.0,0,1,1
2024-10-08,1,Tue,0,2024,41,0,,0.0,0,1,1
2024-10-09,2,Wed,0,2024,41,0,,0.0,0,1,1
2024-10-10,3,Thu,0,2024,41,0,,0.0,0,1,1
2024-10-11,4,Fri,0,2024,41,0,,0.0,0,1,1
2024-10-12,5,Sat,0,2024,41,0,,0.0,0,1,1
2024-10-13,6,Sun,1,2024,41,0,,0.0,0,1,0
2024-10-14,0,Mon,0,2024,42,0,,0.0,0,1,1
2024-10-15,1,Tue,0,2024,42,0,,0.0,0,1,1
2024-10-16,2,Wed,0,2024,42,0,,0.0,0,1,1
2024-10-17,3,Thu,0,2024,42,0,,0.0,0,1,1
2024-10-18,4,Fri,0,2024,42,0,,0.0,0,1,1
2024-10-19,5,Sat,0,2024,42,0,,0.0,0,1,1
2024-10-20,6,Sun,1,2024,42,0,,0.0,0,1,0
2024-10-21,0,Mon,0,2024,43,0,,0.0,0,1,1
2024-10-22,1,Tue,0,2024,43,0,,0.1,0,1,1
2024-10-23,2,Wed,0,2024,43,0,,0.2,0,1,1
2024-10-24,3,Thu,0,2024,43,0,,0.3,0,1,1
2024-10-25,4,Fri,0,2024,43,1,,0.4,0,1,1
2024-10-26,5,Sat,0,2024,43,0,,0.5,0,1,1
2024-10-27,6,Sun,1,2024,43,0,,0.6,0,1,0
2024-10-28,0,Mon,0,2024,44,0,,0.7,0,1,1
2024-10-29,1,Tue,0,2024,44,0,,0.8,0,1,1
2024-10-30,2,Wed,0,2024,44,0,,0.9,0,1,1
2024-10-31,3,Thu,0,2024,44,1,deepavali,1.0,1,1,1
2024-11-01,4,Fri,0,2024,44,0,,0.0,0,1,1
2024-11-02,5,Sat,0,2024,44,0,,0.0,0,1,1
2024-11-03,6,Sun,1,2024,44,0,,0.0,0,1,0
2024-11-04,0,Mon,0,2024,45,0,,0.0,0,1,1
2024-11-05,1,Tue,0,2024,45,0,,0.0,0,1,1
2024-11-06,2,Wed,0,2024,45,0,,0.0,0,1,1
2024-11-07,3,Thu,0,2024,45,0,,0.0,0,1,1
2024-11-08,4,Fri,0,2024,45,0,,0.0,0,1,1
2024-11-09,5,Sat,0,2024,45,0,,0.0,0,1,1
2024-11-10,6,Sun,1,2024,45,0,,0.0,0,1,0
2024-11-11,0,Mon,0,2024,46,0,,0.0,0,1,1
2024-11-12,1,Tue,0,2024,46,0,,0.0,0,1,1
2024-11-13,2,Wed,0,2024,46,0,,0.0,0,1,1
2024-11-14,3,Thu,0,2024,46,0,,0.0,0,1,1
2024-11-15,4,Fri,0,2024,46,0,,0.0,0,1,1
2024-11-16,5,Sat,0,2024,46,0,,0.0,0,1,1
2024-11-17,6,Sun,1,2024,46,0,,0.0,0,1,0
2024-11-18,0,Mon,0,2024,47,0,,0.0,0,1,1
2024-11-19,1,Tue,0,2024,47,0,,0.0,0,1,1
2024-11-20,2,Wed,0,2024,47,0,,0.0,0,1,1
2024-11-21,3,Thu,0,2024,47,0,,0.0,0,1,1
2024-11-22,4,Fri,0,2024,47,0,,0.0,0,1,1
2024-11-23,5,Sat,0,2024,47,0,,0.0,0,1,1
2024-11-24,6,Sun,1,2024,47,0,,0.0,0,1,0
2024-11-25,0,Mon,0,2024,48,1,,0.0,0,1,1
2024-11-26,1,Tue,0,2024,48,0,,0.0,0,1,1
2024-11-27,2,Wed,0,2024,48,0,,0.0,0,1,1
2024-11-28,3,Thu,0,2024,48,0,,0.0,0,1,1
2024-11-29,4,Fri,0,2024,48,0,,0.0,0,1,1
2024-11-30,5,Sat,0,2024,48,1,,0.0,0,1,1
2024-12-01,6,Sun,1,2024,48,0,,0.0,0,0,0
2024-12-02,0,Mon,0,2024,49,0,,0.0,0,0,1
2024-12-03,1,Tue,0,2024,49,0,,0.0,0,0,1
2024-12-04,2,Wed,0,2024,49,0,,0.0,0,0,1
2024-12-05,3,Thu,0,2024,49,0,,0.0,0,0,1
2024-12-06,4,Fri,0,2024,49,0,,0.0,0,0,1
2024-12-07,5,Sat,0,2024,49,0,,0.0,0,0,1
2024-12-08,6,Sun,1,2024,49,0,,0.0,0,0,0
2024-12-09,0,Mon,0,2024,50,0,,0.0,0,0,1
2024-12-10,1,Tue,0,2024,50,0,,0.0,0,0,1
2024-12-11,2,Wed,0,2024,50,0,,0.0,0,0,1
2024-12-12,3,Thu,0,2024,50,0,,0.0,0,0,1
2024-12-13,4,Fri,0,2024,50,0,,0.0,0,0,1
2024-12-14,5,Sat,0,2024,50,0,,0.0,0,0,1
2024-12-15,6,Sun,1,2024,50,0,,0.0,0,0,0
2024-12-16,0,Mon,0,2024,51,0,,0.1,0,0,1
2024-12-17,1,Tue,0,2024,51,0,,0.2,0,0,1
2024-12-18,2,Wed,0,2024,51,0,,0.3,0,0,1
2024-12-19,3,Thu,0,2024,51,0,,0.4,0,0,1
2024-12-20,4,Fri,0,2024,51,0,,0.5,0,0,1
2024-12-21,5,Sat,0,2024,51,0,,0.6,0,0,1
2024-12-22,6,Sun,1,2024,51,0,,0.7,0,0,0
2024-12-23,0,Mon,0,2024,52,0,,0.8,0,0,1
2024-12-24,1,Tue,0,2024,52,0,,0.9,0,0,1
2024-12-25,2,Wed,0,2024,52,1,christmas,1.0,1,0,0
2024-12-26,3,Thu,0,2024,52,0,,0.0,0,0,1
2024-12-27,4,Fri,0,2024,52,0,,0.0,0,0,1
2024-12-28,5,Sat,0,2024,52,0,,0.0,0,0,1
2024-12-29,6,Sun,1,2024,52,0,,0.0,0,0,0
2024-12-30,0,Mon,0,2025,1,0,,0.0,0,0,1
2024-12-31,1,Tue,0,2025,1,1,,0.0,0,0,1
2025-01-01,2,Wed,0,2025,1,0,,0.0,0,0,1
2025-01-02,3,Thu,0,2025,1,0,,0.0,0,0,1
2025-01-03,4,Fri,0,2025,1,0,,0.0,0,0,1
2025-01-04,5,Sat,0,2025,1,0,,0.0,0,0,1
2025-01-05,6,Sun,1,2025,1,0,,0.1,0,0,0
2025-01-06,0,Mon,0,2025,2,0,,0.2,0,0,1
2025-01-07,1,Tue,0,2025,2,0,,0.3,0,0,1
2025-01-08,2,Wed,0,2025,2,0,,0.4,0,0,1
2025-01-09,3,Thu,0,2025,2,0,,0.5,0,0,1
2025-01-10,4,Fri,0,2025,2,0,,0.6,0,0,1
2025-01-11,5,Sat,0,2025,2,0,,0.7,0,0,1
2025-01-12,6,Sun,1,2025,2,0,,0.8,0,0,0
2025-01-13,0,Mon,0,2025,3,0,,0.9,0,0,1
2025-01-14,1,Tue,0,2025,3,0,thai_pongal,1.0,1,0,1
2025-01-15,2,Wed,0,2025,3,0,,0.0,0,0,1
2025-01-16,3,Thu,0,2025,3,0,,0.0,0,0,1
2025-01-17,4,Fri,0,2025,3,0,,0.0,0,0,1
2025-01-18,5,Sat,0,2025,3,0,,0.0,0,0,1
2025-01-19,6,Sun,1,2025,3,0,,0.0,0,0,0
2025-01-20,0,Mon,0,2025,4,0,,0.0,0,0,1
2025-01-21,1,Tue,0,2025,4,0,,0.0,0,0,1
2025-01-22,2,Wed,0,2025,4,0,,0.0,0,0,1
2025-01-23,3,Thu,0,2025,4,0,,0.0,0,0,1
2025-01-24,4,Fri,0,2025,4,0,,0.0,0,0,1
2025-01-25,5,Sat,0,2025,4,1,,0.0,0,0,1
2025-01-26,6,Sun,1,2025,4,0,,0.0,0,0,0
2025-01-27,0,Mon,0,2025,5,0,,0.0,0,0,1
2025-01-28,1,Tue,0,2025,5,0,,0.0,0,0,1
2025-01-29,2,Wed,0,2025,5,0,,0.0,0,0,1
2025-01-30,3,Thu,0,2025,5,0,,0.0,0,0,1
2025-01-31,4,Fri,0,2025,5,1,,0.0,0,0,1
2025-02-01,5,Sat,0,2025,5,0,,0.0,0,0,1
2025-02-02,6,Sun,1,2025,5,0,,0.0,0,0,0
2025-02-03,0,Mon,0,2025,6,0,,0.0,0,0,1
2025-02-04,1,Tue,0,2025,6,0,,0.0,0,0,1
2025-02-05,2,Wed,0,2025,6,0,,0.0,0,0,1
2025-02-06,3,Thu,0,2025,6,0,,0.0,0,0,1
2025-02-07,4,Fri,0,2025,6,0,,0.0,0,0,1
2025-02-08,5,Sat,0,2025,6,0,,0.0,0,0,1
2025-02-09,6,Sun,1,2025,6,0,,0.0,0,0,0
2025-02-10,0,Mon,0,2025,7,0,,0.0,0,0,1
2025-02-11,1,Tue,0,2025,7,0,,0.0,0,0,1
2025-02-12,2,Wed,0,2025,7,0,,0.0,0,0,1
2025-02-13,3,Thu,0,2025,7,0,,0.0,0,0,1
2025-02-14,4,Fri,0,2025,7,0,,0.0,0,0,1
2025-02-15,5,Sat,0,2025,7,0,,0.0,0,0,1
2025-02-16,6,Sun,1,2025,7,0,,0.0,0,0,0
2025-02-17,0,Mon,0,2025,8,0,,0.0,0,0,1
2025-02-18,1,Tue,0,2025,8,0,,0.0,0,0,1
2025-02-19,2,Wed,0,2025,8,0,,0.0,0,0,1
2025-02-20,3,Thu,0,2025,8,0,,0.0,0,0,1
2025-02-21,4,Fri,0,2025,8,0,,0.0,0,0,1
2025-02-22,5,Sat,0,2025,8,0,,0.0,0,0,1
2025-02-23,6,Sun,1,2025,8,0,,0.0,0,0,0
2025-02-24,0,Mon,0,2025,9,0,,0.0,0,0,1
2025-02-25,1,Tue,0,2025,9,1,,0.0,0,0,1
2025-02-26,2,Wed,0,2025,9,0,,0.0,0,0,1
2025-02-27,3,Thu,0,2025,9,0,,0.0,0,0,1
2025-02-28,4,Fri,0,2025,9,1,,0.0,0,0,1
2025-03-01,5,Sat,0,2025,9,0,,0.0,0,1,1
2025-03-02,6,Sun,1,2025,9,0,,0.0,0,1,0
2025-03-03,0,Mon,0,2025,10,0,,0.0,0,1,1
2025-03-04,1,Tue,0,2025,10,0,,0.0,0,1,1
2025-03-05,2,Wed,0,2025,10,0,,0.0,0,1,1
2025-03-06,3,Thu,0,2025,10,0,,0.0,0,1,1
2025-03-07,4,Fri,0,2025,10,0,,0.0,0,1,1
2025-03-08,5,Sat,0,2025,10,0,,0.0,0,1,1
2025-03-09,6,Sun,1,2025,10,0,,0.0,0,1,0
2025-03-10,0,Mon,0,2025,11,0,,0.0,0,1,1
2025-03-11,1,Tue,0,2025,11,0,,0.0,0,1,1
2025-03-12,2,Wed,0,2025,11,0,,0.0,0,1,1
2025-03-13,3,Thu,0,2025,11,0,,0.0,0,1,1
2025-03-14,4,Fri,0,2025,11,0,,0.0,0,1,1
2025-03-15,5,Sat,0,2025,11,0,,0.0,0,1,1
2025-03-16,6,Sun,1,2025,11,0,,0.0,0,1,0
2025-03-17,0,Mon,0,2025,12,0,,0.0,0,1,1
2025-03-18,1,Tue,0,2025,12,0,,0.0,0,1,1
2025-03-19,2,Wed,0,2025,12,0,,0.0,0,1,1
2025-03-20,3,Thu,0,2025,12,0,,0.0,0,1,1
2025-03-21,4,Fri,0,2025,12,0,,0.0,0,1,1
2025-03-22,5,Sat,0,2025,12,0,,0.0,0,1,1
2025-03-23,6,Sun,1,2025,12,0,,0.0,0,1,0
2025-03-24,0,Mon,0,2025,13,0,,0.0,0,1,1
2025-03-25,1,Tue,0,2025,13,1,,0.0,0,1,1
2025-03-26,2,Wed,0,2025,13,0,,0.0,0,1,1
2025-03-27,3,Thu,0,2025,13,0,,0.0,0,1,1
2025-03-28,4,Fri,0,2025,13,0,,0.0,0,1,1
2025-03-29,5,Sat,0,2025,13,0,,0.0,0,1,1
2025-03-30,6,Sun,1,2025,13,0,,0.0,0,1,0
2025-03-31,0,Mon,0,2025,14,1,,0.0,0,1,1
2025-04-01,1,Tue,0,2025,14,0,,0.0,0,1,1
2025-04-02,2,Wed,0,2025,14,0,,0.0,0,1,1
2025-04-03,3,Thu,0,2025,14,0,,0.0,0,1,1
2025-04-04,4,Fri,0,2025,14,0,,0.0,0,1,1
2025-04-05,5,Sat,0,2025,14,0,,0.1,0,1,1
2025-04-06,6,Sun,1,2025,14,0,,0.2,0,1,0
2025-04-07,0,Mon,0,2025,15,0,,0.3,0,1,1
2025-04-08,1,Tue,0,2025,15,0,,0.4,0,1,1
2025-04-09,2,Wed,0,2025,15,0,,0.5,0,1,1
2025-04-10,3,Thu,0,2025,15,0,,0.6,0,1,1
2025-04-11,4,Fri,0,2025,15,0,,0.7,0,1,1
2025-04-12,5,Sat,0,2025,15,0,,0.8,0,1,1
2025-04-13,6,Sun,1,2025,15,0,,0.9,0,1,0
2025-04-14,0,Mon,0,2025,16,0,new_year,1.0,1,1,0
2025-04-15,1,Tue,0,2025,16,0,,0.0,1,1,0
2025-04-16,2,Wed,0,2025,16,0,,0.0,0,1,1
2025-04-17,3,Thu,0,2025,16,0,,0.0,0,1,1
2025-04-18,4,Fri,0,2025,16,0,,0.0,0,1,1
2025-04-19,5,Sat,0,2025,16,0,,0.0,0,1,1
2025-04-20,6,Sun,1,2025,16,0,,0.0,0,1,0
2025-04-21,0,Mon,0,2025,17,0,,0.0,0,1,1
2025-04-22,1,Tue,0,2025,17,0,,0.0,0,1,1
2025-04-23,2,Wed,0,2025,17,0,,0.0,0,1,1
2025-04-24,3,Thu,0,2025,17,0,,0.0,0,1,1
2025-04-25,4,Fri,0,2025,17,1,,0.0,0,1,1
2025-04-26,5,Sat,0,2025,17,0,,0.0,0,1,1
2025-04-27,6,Sun,1,2025,17,0,,0.0,0,1,0
2025-04-28,0,Mon,0,2025,18,0,,0.0,0,1,1
2025-04-29,1,Tue,0,2025,18,0,,0.0,0,1,1
2025-04-30,2,Wed,0,2025,18,1,,0.0,0,1,1
2025-05-01,3,Thu,0,2025,18,0,,0.0,1,1,0
2025-05-02,4,Fri,0,2025,18,0,,0.0,0,1,1
2025-05-03,5,Sat,0,2025,18,0,,0.1,0,1,1
2025-05-04,6,Sun,1,2025,18,0,,0.2,0,1,0
2025-05-05,0,Mon,0,2025,19,0,,0.3,0,1,1
2025-05-06,1,Tue,0,2025,19,0,,0.4,0,1,1
2025-05-07,2,Wed,0,2025,19,0,,0.5,0,1,1
2025-05-08,3,Thu,0,2025,19,0,,0.6,0,1,1
2025-05-09,4,Fri,0,2025,19,0,,0.7,0,1,1
2025-05-10,5,Sat,0,2025,19,0,,0.8,0,1,1
2025-05-11,6,Sun,1,2025,19,0,,0.9,0,1,0
2025-05-12,0,Mon,0,2025,20,0,vesak,1.0,1,1,1
2025-05-13,1,Tue,0,2025,20,0,,0.0,0,1,1
2025-05-14,2,Wed,0,2025,20,0,,0.0,0,1,1
2025-05-15,3,Thu,0,2025,20,0,,0.0,0,1,1
2025-05-16,4,Fri,0,2025,20,0,,0.0,0,1,1
2025-05-17,5,Sat,0,2025,20,0,,0.0,0,1,1
2025-05-18,6,Sun,1,2025,20,0,,0.0,0,1,0
2025-05-19,0,Mon,0,2025,21,0,,0.0,0,1,1
2025-05-20,1,Tue,0,2025,21,0,,0.0,0,1,1
2025-05-21,2,Wed,0,2025,21,0,,0.0,0,1,1
2025-05-22,3,Thu,0,2025,21,0,,0.0,0,1,1
2025-05-23,4,Fri,0,2025,21,0,,0.0,0,1,1
2025-05-24,5,Sat,0,2025,21,1,,0.0,0,1,1
2025-05-25,6,Sun,1,2025,21,0,,0.0,0,1,0
2025-05-26,0,Mon,0,2025,22,0,,0.0,0,1,1
2025-05-27,1,Tue,0,2025,22,0,,0.0,0,1,1
2025-05-28,2,Wed,0,2025,22,0,,0.0,0,1,1
2025-05-29,3,Thu,0,2025,22,0,,0.0,0,1,1
2025-05-30,4,Fri,0,2025,22,0,,0.0,0,1,1
2025-05-31,5,Sat,0,2025,22,1,,0.0,0,1,1
2025-06-01,6,Sun,1,2025,22,0,,0.1,0,1,0
2025-06-02,0,Mon,0,2025,23,0,,0.2,0,1,1
2025-06-03,1,Tue,0,2025,23,0,,0.3,0,1,1
2025-06-04,2,Wed,0,2025,23,0,,0.4,0,1,1
2025-06-05,3,Thu,0,2025,23,0,,0.5,0,1,1
2025-06-06,4,Fri,0,2025,23,0,,0.6,0,1,1
2025-06-07,5,Sat,0,2025,23,0,,0.7,0,1,1
2025-06-08,6,Sun,1,2025,23,0,,0.8,0,1,0
2025-06-09,0,Mon,0,2025,24,0,,0.9,0,1,1
2025-06-10,1,Tue,0,2025,24,0,poson,1.0,1,1,1
2025-06-11,2,Wed,0,2025,24,0,,0.0,0,1,1
2025-06-12,3,Thu,0,2025,24,0,,0.0,0,1,1
2025-06-13,4,Fri,0,2025,24,0,,0.0,0,1,1
2025-06-14,5,Sat,0,2025,24,0,,0.0,0,1,1
2025-06-15,6,Sun,1,2025,24,0,,0.0,0,1,0
2025-06-16,0,Mon,0,2025,25,0,,0.0,0,1,1
2025-06-17,1,Tue,0,2025,25,0,,0.0,0,1,1
2025-06-18,2,Wed,0,2025,25,0,,0.0,0,1,1
2025-06-19,3,Thu,0,2025,25,0,,0.0,0,1,1
2025-06-20,4,Fri,0,2025,25,0,,0.0,0,1,1
2025-06-21,5,Sat,0,2025,25,0,,0.0,0,1,1
2025-06-22,6,Sun,1,2025,25,0,,0.0,0,1,0
2025-06-23,0,Mon,0,2025,26,0,,0.0,0,1,1
2025-06-24,1,Tue,0,2025,26,0,,0.0,0,1,1
2025-06-25,2,Wed,0,2025,26,1,,0.0,0,1,1
2025-06-26,3,Thu,0,2025,26,0,,0.0,0,1,1
2025-06-27,4,Fri,0,2025,26,0,,0.0,0,1,1
2025-06-28,5,Sat,0,2025,26,0,,0.0,0,1,1
2025-06-29,6,Sun,1,2025,26,0,,0.0,0,1,0
2025-06-30,0,Mon,0,2025,27,1,,0.0,0,1,1
2025-07-01,1,Tue,0,2025,27,0,,0.0,0,0,1
2025-07-02,2,Wed,0,2025,27,0,,0.0,0,0,1
2025-07-03,3,Thu,0,2025,27,0,,0.0,0,0,1
2025-07-04,4,Fri,0,2025,27,0,,0.0,0,0,1
2025-07-05,5,Sat,0,2025,27,0,,0.0,0,0,1
2025-07-06,6,Sun,1,2025,27,0,,0.0,0,0,0
2025-07-07,0,Mon,0,2025,28,0,,0.0,0,0,1
2025-07-08,1,Tue,0,2025,28,0,,0.0,0,0,1
2025-07-09,2,Wed,0,2025,28,0,,0.0,0,0,1
2025-07-10,3,Thu,0,2025,28,0,,0.0,0,0,1
2025-07-11,4,Fri,0,2025,28,0,,0.0,0,0,1
2025-07-12,5,Sat,0,2025,28,0,,0.0,0,0,1
2025-07-13,6,Sun,1,2025,28,0,,0.0,0,0,0
2025-07-14,0,Mon,0,2025,29,0,,0.0,0,0,1
2025-07-15,1,Tue,0,2025,29,0,,0.0,0,0,1
2025-07-16,2,Wed,0,2025,29,0,,0.0,0,0,1
2025-07-17,3,Thu,0,2025,29,0,,0.0,0,0,1
2025-07-18,4,Fri,0,2025,29,0,,0.0,0,0,1
2025-07-19,5,Sat,0,2025,29,0,,0.0,0,0,1
2025-07-20,6,Sun,1,2025,29,0,,0.0,0,0,0
2025-07-21,0,Mon,0,2025,30,0,,0.0,0,0,1
2025-07-22,1,Tue,0,2025,30,0,,0.0,0,0,1
2025-07-23,2,Wed,0,2025,30,0,,0.0,0,0,1
2025-07-24,3,Thu,0,2025,30,0,,0.0,0,0,1
2025-07-25,4,Fri,0,2025,30,1,,0.0,0,0,1
2025-07-26,5,Sat,0,2025,30,0,,0.0,0,0,1
2025-07-27,6,Sun,1,2025,30,0,,0.0,0,0,0
2025-07-28,0,Mon,0,2025,31,0,,0.0,0,0,1
2025-07-29,1,Tue,0,2025,31,0,,0.0,0,0,1
2025-07-30,2,Wed,0,2025,31,0,,0.1,0,0,1
2025-07-31,3,Thu,0,2025,31,1,,0.2,0,0,1
2025-08-01,4,Fri,0,2025,31,0,,0.3,0,0,1
2025-08-02,5,Sat,0,2025,31,0,,0.4,0,0,1
2025-08-03,6,Sun,1,2025,31,0,,0.5,0,0,0
2025-08-04,0,Mon,0,2025,32,0,,0.6,0,0,1
2025-08-05,1,Tue,0,2025,32,0,,0.7,0,0,1
2025-08-06,2,Wed,0,2025,32,0,,0.8,0,0,1
2025-08-07,3,Thu,0,2025,32,0,,0.9,0,0,1
2025-08-08,4,Fri,0,2025,32,0,esala,1.0,1,0,1
2025-08-09,5,Sat,0,2025,32,0,,0.0,0,0,1
2025-08-10,6,Sun,1,2025,32,0,,0.0,0,0,0
2025-08-11,0,Mon,0,2025,33,0,,0.0,0,0,1
2025-08-12,1,Tue,0,2025,33,0,,0.0,0,0,1
2025-08-13,2,Wed,0,2025,33,0,,0.0,0,0,1
2025-08-14,3,Thu,0,2025,33,0,,0.0,0,0,1
2025-08-15,4,Fri,0,2025,33,0,,0.0,0,0,1
2025-08-16,5,Sat,0,2025,33,0,,0.0,0,0,1
2025-08-17,6,Sun,1,2025,33,0,,0.0,0,0,0
2025-08-18,0,Mon,0,2025,34,0,,0.0,0,0,1
2025-08-19,1,Tue,0,2025,34,0,,0.0,0,0,1
2025-08-20,2,Wed,0,2025,34,0,,0.0,0,0,1
2025-08-21,3,Thu,0,2025,34,0,,0.0,0,0,1
2025-08-22,4,Fri,0,2025,34,0,,0.0,0,0,1
2025-08-23,5,Sat,0,2025,34,0,,0.0,0,0,1
2025-08-24,6,Sun,1,2025,34,0,,0.0,0,0,0
2025-08-25,0,Mon,0,2025,35,1,,0.0,0,0,1
2025-08-26,1,Tue,0,2025,35,0,,0.0,0,0,1
2025-08-27,2,Wed,0,2025,35,0,,0.0,0,0,1
2025-08-28,3,Thu,0,2025,35,0,,0.0,0,0,1
2025-08-29,4,Fri,0,2025,35,0,,0.0,0,0,1
2025-08-30,5,Sat,0,2025,35,1,,0.0,0,0,1
2025-08-31,6,Sun,1,2025,35,0,,0.0,0,0,0
2025-09-01,0,Mon,0,2025,36,0,,0.0,0,0,1
2025-09-02,1,Tue,0,2025,36,0,,0.0,0,0,1
2025-09-03,2,Wed,0,2025,36,0,,0.0,0,0,1
2025-09-04,3,Thu,0,2025,36,0,,0.0,0,0,1
2025-09-05,4,Fri,0,2025,36,0,,0.0,0,0,1
2025-09-06,5,Sat,0,2025,36,0,,0.0,0,0,1
2025-09-07,6,Sun,1,2025,36,0,,0.0,0,0,0
2025-09-08,0,Mon,0,2025,37,0,,0.0,0,0,1
2025-09-09,1,Tue,0,2025,37,0,,0.0,0,0,1
2025-09-10,2,Wed,0,2025,37,0,,0.0,0,0,1
2025-09-11,3,Thu,0,2025,37,0,,0.0,0,0,1
2025-09-12,4,Fri,0,2025,37,0,,0.0,0,0,1
2025-09-13,5,Sat,0,2025,37,0,,0.0,0,0,1
2025-09-14,6,Sun,1,2025,37,0,,0.0,0,0,0
2025-09-15,0,Mon,0,2025,38,0,,0.0,0,0,1
2025-09-16,1,Tue,0,2025,38,0,,0.0,0,0,1
2025-09-17,2,Wed,0,2025,38,0,,0.0,0,0,1
2025-09-18,3,Thu,0,2025,38,0,,0.0,0,0,1
2025-09-19,4,Fri,0,2025,38,0,,0.0,0,0,1
2025-09-20,5,Sat,0,2025,38,0,,0.0,0,0,1
2025-09-21,6,Sun,1,2025,38,0,,0.0,0,0,0
2025-09-22,0,Mon,0,2025,39,0,,0.0,0,0,1
2025-09-23,1,Tue,0,2025,39,0,,0.0,0,0,1
2025-09-24,2,Wed,0,2025,39,0,,0.0,0,0,1
2025-09-25,3,Thu,0,2025,39,1,,0.0,0,0,1
2025-09-26,4,Fri,0,2025,39,0,,0.0,0,0,1
2025-09-27,5,Sat,0,2025,39,0,,0.0,0,0,1
2025-09-28,6,Sun,1,2025,39,0,,0.0,0,0,0
2025-09-29,0,Mon,0,2025,40,0,,0.0,0,0,1
2025-09-30,1,Tue,0,2025,40,1,,0.0,0,0,1
2025-10-01,2,Wed,0,2025,40,0,,0.0,0,1,1
2025-10-02,3,Thu,0,2025,40,0,,0.0,0,1,1
2025-10-03,4,Fri,0,2025,40,0,,0.0,0,1,1
2025-10-04,5,Sat,0,2025,40,0,,0.0,0,1,1
2025-10-05,6,Sun,1,2025,40,0,,0.0,0,1,0
2025-10-06,0,Mon,0,2025,41,0,,0.0,0,1,1
2025-10-07,1,Tue,0,2025,41,0,,0.0,0,1,1
2025-10-08,2,Wed,0,2025,41,0,,0.0,0,1,1
2025-10-09,3,Thu,0,2025,41,0,,0.0,0,1,1
2025-10-10,4,Fri,0,2025,41,0,,0.0,0,1,1
2025-10-11,5,Sat,0,2025,41,0,,0.1,0,1,1
2025-10-12,6,Sun,1,2025,41,0,,0.2,0,1,0
2025-10-13,0,Mon,0,2025,42,0,,0.3,0,1,1
2025-10-14,1,Tue,0,2025,42,0,,0.4,0,1,1
2025-10-15,2,Wed,0,2025,42,0,,0.5,0,1,1
2025-10-16,3,Thu,0,2025,42,0,,0.6,0,1,1
2025-10-17,4,Fri,0,2025,42,0,,0.7,0,1,1
2025-10-18,5,Sat,0,2025,42,0,,0.8,0,1,1
2025-10-19,6,Sun,1,2025,42,0,,0.9,0,1,0
2025-10-20,0,Mon,0,2025,43,0,deepavali,1.0,1,1,1
2025-10-21,1,Tue,0,2025,43,0,,0.0,0,1,1
2025-10-22,2,Wed,0,2025,43,0,,0.0,0,1,1
2025-10-23,3,Thu,0,2025,43,0,,0.0,0,1,1
2025-10-24,4,Fri,0,2025,43,0,,0.0,0,1,1
2025-10-25,5,Sat,0,2025,43,1,,0.0,0,1,1
2025-10-26,6,Sun,1,2025,43,0,,0.0,0,1,0
2025-10-27,0,Mon,0,2025,44,0,,0.0,0,1,1
2025-10-28,1,Tue,0,2025,44,0,,0.0,0,1,1
2025-10-29,2,Wed,0,2025,44,0,,0.0,0,1,1
2025-10-30,3,Thu,0,2025,44,0,,0.0,0,1,1
2025-10-31,4,Fri,0,2025,44,1,,0.0,0,1,1
2025-11-01,5,Sat,0,2025,44,0,,0.0,0,1,1
2025-11-02,6,Sun,1,2025,44,0,,0.0,0,1,0
2025-11-03,0,Mon,0,2025,45,0,,0.0,0,1,1
2025-11-04,1,Tue,0,2025,45,0,,0.0,0,1,1
2025-11-05,2,Wed,0,2025,45,0,,0.0,0,1,1
2025-11-06,3,Thu,0,2025,45,0,,0.0,0,1,1
2025-11-07,4,Fri,0,2025,45,0,,0.0,0,1,1
2025-11-08,5,Sat,0,2025,45,0,,0.0,0,1,1
2025-11-09,6,Sun,1,2025,45,0,,0.0,0,1,0
2025-11-10,0,Mon,0,2025,46,0,,0.0,0,1,1
2025-11-11,1,Tue,0,2025,46,0,,0.0,0,1,1
2025-11-12,2,Wed,0,2025,46,0,,0.0,0,1,1
2025-11-13,3,Thu,0,2025,46,0,,0.0,0,1,1
2025-11-14,4,Fri,0,2025,46,0,,0.0,0,1,1
2025-11-15,5,Sat,0,2025,46,0,,0.0,0,1,1
2025-11-16,6,Sun,1,2025,46,0,,0.0,0,1,0
2025-11-17,0,Mon,0,2025,47,0,,0.0,0,1,1
2025-11-18,1,Tue,0,2025,47,0,,0.0,0,1,1
2025-11-19,2,Wed,0,2025,47,0,,0.0,0,1,1
2025-11-20,3,Thu,0,2025,47,0,,0.0,0,1,1
2025-11-21,4,Fri,0,2025,47,0,,0.0,0,1,1
2025-11-22,5,Sat,0,2025,47,0,,0.0,0,1,1
2025-11-23,6,Sun,1,2025,47,0,,0.0,0,1,0
2025-11-24,0,Mon,0,2025,48,0,,0.0,0,1,1
2025-11-25,1,Tue,0,2025,48,1,,0.0,0,1,1
2025-11-26,2,Wed,0,2025,48,0,,0.0,0,1,1
2025-11-27,3,Thu,0,2025,48,0,,0.0,0,1,1
2025-11-28,4,Fri,0,2025,48,0,,0.0,0,1,1
2025-11-29,5,Sat,0,2025,48,1,,0.0,0,1,1
2025-11-30,6,Sun,1,2025,48,0,,0.0,0,1,0
2025-12-01,0,Mon,0,2025,49,0,,0.0,0,0,1
2025-12-02,1,Tue,0,2025,49,0,,0.0,0,0,1
2025-12-03,2,Wed,0,2025,49,0,,0.0,0,0,1
2025-12-04,3,Thu,0,2025,49,0,,0.0,0,0,1
2025-12-05,4,Fri,0,2025,49,0,,0.0,0,0,1
2025-12-06,5,Sat,0,2025,49,0,,0.0,0,0,1
2025-12-07,6,Sun,1,2025,49,0,,0.0,0,0,0
2025-12-08,0,Mon,0,2025,50,0,,0.0,0,0,1
2025-12-09,1,Tue,0,2025,50,0,,0.0,0,0,1
2025-12-10,2,Wed,0,2025,50,0,,0.0,0,0,1
2025-12-11,3,Thu,0,2025,50,0,,0.0,0,0,1
2025-12-12,4,Fri,0,2025,50,0,,0.0,0,0,1
2025-12-13,5,Sat,0,2025,50,0,,0.0,0,0,1
2025-12-14,6,Sun,1,2025,50,0,,0.0,0,0,0
2025-12-15,0,Mon,0,2025,51,0,,0.0,0,0,1
2025-12-16,1,Tue,0,2025,51,0,,0.1,0,0,1
2025-12-17,2,Wed,0,2025,51,0,,0.2,0,0,1
2025-12-18,3,Thu,0,2025,51,0,,0.3,0,0,1
2025-12-19,4,Fri,0,2025,51,0,,0.4,0,0,1
2025-12-20,5,Sat,0,2025,51,0,,0.5,0,0,1
2025-12-21,6,Sun,1,2025,51,0,,0.6,0,0,0
2025-12-22,0,Mon,0,2025,52,0,,0.7,0,0,1
2025-12-23,1,Tue,0,2025,52,0,,0.8,0,0,1
2025-12-24,2,Wed,0,2025,52,0,,0.9,0,0,1
2025-12-25,3,Thu,0,2025,52,1,christmas,1.0,1,0,0
2025-12-26,4,Fri,0,2025,52,0,,0.0,0,0,1
2025-12-27,5,Sat,0,2025,52,0,,0.0,0,0,1
2025-12-28,6,Sun,1,2025,52,0,,0.0,0,0,0
2025-12-29,0,Mon,0,2026,1,0,,0.0,0,0,1
2025-12-30,1,Tue,0,2026,1,0,,0.0,0,0,1
2025-12-31,2,Wed,0,2026,1,1,,0.0,0,0,1
2026-01-01,3,Thu,0,2026,1,0,,0.0,0,0,1
2026-01-02,4,Fri,0,2026,1,0,,0.0,0,0,1
2026-01-03,5,Sat,0,2026,1,0,,0.0,0,0,1
2026-01-04,6,Sun,1,2026,1,0,,0.0,0,0,0
2026-01-05,0,Mon,0,2026,2,0,,0.0,0,0,1
2026-01-06,1,Tue,0,2026,2,0,,0.1,0,0,1
2026-01-07,2,Wed,0,2026,2,0,,0.2,0,0,1
2026-01-08,3,Thu,0,2026,2,0,,0.3,0,0,1
2026-01-09,4,Fri,0,2026,2,0,,0.4,0,0,1
2026-01-10,5,Sat,0,2026,2,0,,0.5,0,0,1
2026-01-11,6,Sun,1,2026,2,0,,0.6,0,0,0
2026-01-12,0,Mon,0,2026,3,0,,0.7,0,0,1
2026-01-13,1,Tue,0,2026,3,0,,0.8,0,0,1
2026-01-14,2,Wed,0,2026,3,0,,0.9,0,0,1
2026-01-15,3,Thu,0,2026,3,0,thai_pongal,1.0,1,0,1
2026-01-16,4,Fri,0,2026,3,0,,0.0,0,0,1
2026-01-17,5,Sat,0,2026,3,0,,0.0,0,0,1
2026-01-18,6,Sun,1,2026,3,0,,0.0,0,0,0
2026-01-19,0,Mon,0,2026,4,0,,0.0,0,0,1
2026-01-20,1,Tue,0,2026,4,0,,0.0,0,0,1
2026-01-21,2,Wed,0,2026,4,0,,0.0,0,0,1
2026-01-22,3,Thu,0,2026,4,0,,0.0,0,0,1
2026-01-23,4,Fri,0,2026,4,0,,0.0,0,0,1
2026-01-24,5,Sat,0,2026,4,1,,0.0,0,0,1
2026-01-25,6,Sun,1,2026,4,0,,0.0,0,0,0
2026-01-26,0,Mon,0,2026,5,0,,0.0,0,0,1
2026-01-27,1,Tue,0,2026,5,0,,0.0,0,0,1
2026-01-28,2,Wed,0,2026,5,0,,0.0,0,0,1
2026-01-29,3,Thu,0,2026,5,0,,0.0,0,0,1
2026-01-30,4,Fri,0,2026,5,0,,0.0,0,0,1
2026-01-31,5,Sat,0,2026,5,1,,0.0,0,0,1
2026-02-01,6,Sun,1,2026,5,0,,0.0,0,0,0
2026-02-02,0,Mon,0,2026,6,0,,0.0,0,0,1
2026-02-03,1,Tue,0,2026,6,0,,0.0,0,0,1
2026-02-04,2,Wed,0,2026,6,0,,0.0,0,0,1
2026-02-05,3,Thu,0,2026,6,0,,0.0,0,0,1
2026-02-06,4,Fri,0,2026,6,0,,0.0,0,0,1
2026-02-07,5,Sat,0,2026,6,0,,0.0,0,0,1
2026-02-08,6,Sun,1,2026,6,0,,0.0,0,0,0
2026-02-09,0,Mon,0,2026,7,0,,0.0,0,0,1
2026-02-10,1,Tue,0,2026,7,0,,0.0,0,0,1
2026-02-11,2,Wed,0,2026,7,0,,0.0,0,0,1
2026-02-12,3,Thu,0,2026,7,0,,0.0,0,0,1
2026-02-13,4,Fri,0,2026,7,0,,0.0,0,0,1
2026-02-14,5,Sat,0,2026,7,0,,0.0,0,0,1
2026-02-15,6,Sun,1,2026,7,0,,0.0,0,0,0
2026-02-16,0,Mon,0,2026,8,0,,0.0,0,0,1
2026-02-17,1,Tue,0,2026,8,0,,0.0,0,0,1
2026-02-18,2,Wed,0,2026,8,0,,0.0,0,0,1
2026-02-19,3,Thu,0,2026,8,0,,0.0,0,0,1
2026-02-20,4,Fri,0,2026,8,0,,0.0,0,0,1
2026-02-21,5,Sat,0,2026,8,0,,0.0,0,0,1
2026-02-22,6,Sun,1,2026,8,0,,0.0,0,0,0
2026-02-23,0,Mon,0,2026,9,0,,0.0,0,0,1
2026-02-24,1,Tue,0,2026,9,0,,0.0,0,0,1
2026-02-25,2,Wed,0,2026,9,1,,0.0,0,0,1
2026-02-26,3,Thu,0,2026,9,0,,0.0,0,0,1
2026-02-27,4,Fri,0,2026,9,0,,0.0,0,0,1
2026-02-28,5,Sat,0,2026,9,1,,0.0,0,0,1
2026-03-01,6,Sun,1,2026,9,0,,0.0,0,1,0
2026-03-02,0,Mon,0,2026,10,0,,0.0,0,1,1
2026-03-03,1,Tue,0,2026,10,0,,0.0,0,1,1
2026-03-04,2,Wed,0,2026,10,0,,0.0,0,1,1
2026-03-05,3,Thu,0,2026,10,0,,0.0,0,1,1
2026-03-06,4,Fri,0,2026,10,0,,0.0,0,1,1
2026-03-07,5,Sat,0,2026,10,0,,0.0,0,1,1
2026-03-08,6,Sun,1,2026,10,0,,0.0,0,1,0
2026-03-09,0,Mon,0,2026,11,0,,0.0,0,1,1
2026-03-10,1,Tue,0,2026,11,0,,0.0,0,1,1
2026-03-11,2,Wed,0,2026,11,0,,0.0,0,1,1
2026-03-12,3,Thu,0,2026,11,0,,0.0,0,1,1
2026-03-13,4,Fri,0,2026,11,0,,0.0,0,1,1
2026-03-14,5,Sat,0,2026,11,0,,0.0,0,1,1
2026-03-15,6,Sun,1,2026,11,0,,0.0,0,1,0
2026-03-16,0,Mon,0,2026,12,0,,0.0,0,1,1
2026-03-17,1,Tue,0,2026,12,0,,0.0,0,1,1
2026-03-18,2,Wed,0,2026,12,0,,0.0,0,1,1
2026-03-19,3,Thu,0,2026,12,0,,0.0,0,1,1
2026-03-20,4,Fri,0,2026,12,0,,0.0,0,1,1
2026-03-21,5,Sat,0,2026,12,0,,0.0,0,1,1
2026-03-22,6,Sun,1,2026,12,0,,0.0,0,1,0
2026-03-23,0,Mon,0,2026,13,0,,0.0,0,1,1
2026-03-24,1,Tue,0,2026,13,0,,0.0,0,1,1
2026-03-25,2,Wed,0,2026,13,1,,0.0,0,1,1
2026-03-26,3,Thu,0,2026,13,0,,0.0,0,1,1
2026-03-27,4,Fri,0,2026,13,0,,0.0,0,1,1
2026-03-28,5,Sat,0,2026,13,0,,0.0,0,1,1
2026-03-29,6,Sun,1,2026,13,0,,0.0,0,1,0
2026-03-30,0,Mon,0,2026,14,0,,0.0,0,1,1
2026-03-31,1,Tue,0,2026,14,1,,0.0,0,1,1
2026-04-01,2,Wed,0,2026,14,0,,0.0,0,1,1
2026-04-02,3,Thu,0,2026,14,0,,0.0,0,1,1
2026-04-03,4,Fri,0,2026,14,0,,0.0,0,1,1
2026-04-04,5,Sat,0,2026,14,0,,0.1,0,1,1
2026-04-05,6,Sun,1,2026,14,0,,0.2,0,1,0
2026-04-06,0,Mon,0,2026,15,0,,0.3,0,1,1
2026-04-07,1,Tue,0,2026,15,0,,0.4,0,1,1
2026-04-08,2,Wed,0,2026,15,0,,0.5,0,1,1
2026-04-09,3,Thu,0,2026,15,0,,0.6,0,1,1
2026-04-10,4,Fri,0,2026,15,0,,0.7,0,1,1
2026-04-11,5,Sat,0,2026,15,0,,0.8,0,1,1
2026-04-12,6,Sun,1,2026,15,0,,0.9,0,1,0
2026-04-13,0,Mon,0,2026,16,0,new_year,1.0,1,1,0
2026-04-14,1,Tue,0,2026,16,0,,0.0,1,1,0
2026-04-15,2,Wed,0,2026,16,0,,0.0,0,1,1
2026-04-16,3,Thu,0,2026,16,0,,0.0,0,1,1
2026-04-17,4,Fri,0,2026,16,0,,0.0,0,1,1
2026-04-18,5,Sat,0,2026,16,0,,0.0,0,1,1
2026-04-19,6,Sun,1,2026,16,0,,0.0,0,1,0
2026-04-20,0,Mon,0,2026,17,0,,0.0,0,1,1
2026-04-21,1,Tue,0,2026,17,0,,0.0,0,1,1
2026-04-22,2,Wed,0,2026,17,0,,0.1,0,1,1
2026-04-23,3,Thu,0,2026,17,0,,0.2,0,1,1
2026-04-24,4,Fri,0,2026,17,0,,0.3,0,1,1
2026-04-25,5,Sat,0,2026,17,1,,0.4,0,1,1
2026-04-26,6,Sun,1,2026,17,0,,0.5,0,1,0
2026-04-27,0,Mon,0,2026,18,0,,0.6,0,1,1
2026-04-28,1,Tue,0,2026,18,0,,0.7,0,1,1
2026-04-29,2,Wed,0,2026,18,0,,0.8,0,1,1
2026-04-30,3,Thu,0,2026,18,1,,0.9,0,1,1
2026-05-01,4,Fri,0,2026,18,0,vesak,1.0,1,1,0
2026-05-02,5,Sat,0,2026,18,0,,0.0,0,1,1
2026-05-03,6,Sun,1,2026,18,0,,0.0,0,1,0
2026-05-04,0,Mon,0,2026,19,0,,0.0,0,1,1
2026-05-05,1,Tue,0,2026,19,0,,0.0,0,1,1
2026-05-06,2,Wed,0,2026,19,0,,0.0,0,1,1
2026-05-07,3,Thu,0,2026,19,0,,0.0,0,1,1
2026-05-08,4,Fri,0,2026,19,0,,0.0,0,1,1
2026-05-09,5,Sat,0,2026,19,0,,0.0,0,1,1
2026-05-10,6,Sun,1,2026,19,0,,0.0,0,1,0
2026-05-11,0,Mon,0,2026,20,0,,0.0,0,1,1
2026-05-12,1,Tue,0,2026,20,0,,0.0,0,1,1
2026-05-13,2,Wed,0,2026,20,0,,0.0,0,1,1
2026-05-14,3,Thu,0,2026,20,0,,0.0,0,1,1
2026-05-15,4,Fri,0,2026,20,0,,0.0,0,1,1
2026-05-16,5,Sat,0,2026,20,0,,0.0,0,1,1
2026-05-17,6,Sun,1,2026,20,0,,0.0,0,1,0
2026-05-18,0,Mon,0,2026,21,0,,0.0,0,1,1
2026-05-19,1,Tue,0,2026,21,0,,0.0,0,1,1
2026-05-20,2,Wed,0,2026,21,0,,0.0,0,1,1
2026-05-21,3,Thu,0,2026,21,0,,0.1,0,1,1
2026-05-22,4,Fri,0,2026,21,0,,0.2,0,1,1
2026-05-23,5,Sat,0,2026,21,0,,0.3,0,1,1
2026-05-24,6,Sun,1,2026,21,0,,0.4,0,1,0
2026-05-25,0,Mon,0,2026,22,1,,0.5,0,1,1
2026-05-26,1,Tue,0,2026,22,0,,0.6,0,1,1
2026-05-27,2,Wed,0,2026,22,0,,0.7,0,1,1
2026-05-28,3,Thu,0,2026,22,0,,0.8,0,1,1
2026-05-29,4,Fri,0,2026,22,0,,0.9,0,1,1
2026-05-30,5,Sat,0,2026,22,1,poson,1.0,1,1,1
2026-05-31,6,Sun,1,2026,22,0,,0.0,0,1,0
2026-06-01,0,Mon,0,2026,23,0,,0.0,0,1,1
2026-06-02,1,Tue,0,2026,23,0,,0.0,0,1,1
2026-06-03,2,Wed,0,2026,23,0,,0.0,0,1,1
2026-06-04,3,Thu,0,2026,23,0,,0.0,0,1,1
2026-06-05,4,Fri,0,2026,23,0,,0.0,0,1,1
2026-06-06,5,Sat,0,2026,23,0,,0.0,0,1,1
2026-06-07,6,Sun,1,2026,23,0,,0.0,0,1,0
2026-06-08,0,Mon,0,2026,24,0,,0.0,0,1,1
2026-06-09,1,Tue,0,2026,24,0,,0.0,0,1,1
2026-06-10,2,Wed,0,2026,24,0,,0.0,0,1,1
2026-06-11,3,Thu,0,2026,24,0,,0.0,0,1,1
2026-06-12,4,Fri,0,2026,24,0,,0.0,0,1,1
2026-06-13,5,Sat,0,2026,24,0,,0.0,0,1,1
2026-06-14,6,Sun,1,2026,24,0,,0.0,0,1,0
2026-06-15,0,Mon,0,2026,25,0,,0.0,0,1,1
2026-06-16,1,Tue,0,2026,25,0,,0.0,0,1,1
2026-06-17,2,Wed,0,2026,25,0,,0.0,0,1,1
2026-06-18,3,Thu,0,2026,25,0,,0.0,0,1,1
2026-06-19,4,Fri,0,2026,25,0,,0.0,0,1,1
2026-06-20,5,Sat,0,2026,25,0,,0.0,0,1,1
2026-06-21,6,Sun,1,2026,25,0,,0.0,0,1,0
2026-06-22,0,Mon,0,2026,26,0,,0.0,0,1,1
2026-06-23,1,Tue,0,2026,26,0,,0.0,0,1,1
2026-06-24,2,Wed,0,2026,26,0,,0.0,0,1,1
2026-06-25,3,Thu,0,2026,26,1,,0.0,0,1,1
2026-06-26,4,Fri,0,2026,26,0,,0.0,0,1,1
2026-06-27,5,Sat,0,2026,26,0,,0.0,0,1,1
2026-06-28,6,Sun,1,2026,26,0,,0.0,0,1,0
