district,depot,road_class,free_flow_kmh,depot_to_district_km,depot_to_district_freeflow_min,inter_stop_km,inter_stop_freeflow_min
Colombo,Peliyagoda,urban,30.0,12,24,4.0,8
Gampaha,Peliyagoda,suburban,45.0,28,37,7.0,9
Kalutara,Peliyagoda,suburban,45.0,48,64,9.0,12
Galle,Peliyagoda,highway,70.0,120,103,10.0,9
Matara,Peliyagoda,highway,70.0,160,137,12.0,10
Kurunegala,Peliyagoda,suburban,45.0,95,127,14.0,19
Puttalam,Peliyagoda,suburban,45.0,130,173,18.0,24
Kandy,Kandy,urban,30.0,8,16,3.0,6
Matale,Kandy,suburban,45.0,26,35,8.0,11
Nuwara Eliya,Kandy,hill,42.0,78,111,14.0,20
Badulla,Kandy,hill,42.0,130,186,16.0,23
Kegalle,Kandy,suburban,45.0,40,53,10.0,13
