outlet_id,brand,district,depot,dock_type,parking_constraint,mall_window,window_open_time,window_close_time
OUT001,Fresh,Colombo,Peliyagoda,street,van_only,,05:00,07:30
OUT002,Fresh,Colombo,Peliyagoda,street,van_only,,05:30,08:00
OUT003,Fresh,Colombo,Peliyagoda,street,van_only,,05:00,07:30
OUT004,Fresh,Colombo,Peliyagoda,street,normal,,05:30,08:00
OUT005,Fresh,Colombo,Peliyagoda,rear_dock,normal,,04:00,07:45
OUT006,Fresh,Colombo,Peliyagoda,street,normal,,03:00,08:00
OUT007,Fresh,Colombo,Peliyagoda,street,normal,,05:30,08:00
OUT008,Fresh,Colombo,Peliyagoda,rear_dock,normal,,05:00,07:30
OUT009,Fresh,Colombo,Peliyagoda,rear_dock,normal,,04:00,07:45
OUT010,Fresh,Colombo,Peliyagoda,rear_dock,normal,,05:00,07:30
OUT011,Fresh,Colombo,Peliyagoda,rear_dock,normal,,03:00,08:00
OUT012,Fresh,Colombo,Peliyagoda,rear_dock,normal,,05:30,08:00
OUT013,Fresh,Colombo,Peliyagoda,rear_dock,normal,,05:00,07:30
OUT014,Fresh,Colombo,Peliyagoda,street,normal,,05:30,08:00
OUT015,Style,Colombo,Peliyagoda,mall_bay,mall_dock,09:00-11:00,09:00,11:00
OUT016,Style,Colombo,Peliyagoda,mall_bay,mall_dock,09:00-11:00,09:00,11:00
OUT017,Style,Colombo,Peliyagoda,mall_bay,mall_dock,10:30-12:30,10:30,12:30
OUT018,Style,Colombo,Peliyagoda,mall_bay,mall_dock,10:30-12:30,10:30,12:30
OUT019,Style,Colombo,Peliyagoda,rear_dock,normal,,09:00,17:00
OUT020,Style,Colombo,Peliyagoda,street,normal,,09:00,17:00
OUT021,Tech,Colombo,Peliyagoda,mall_bay,mall_dock,10:30-12:30,10:30,12:30
OUT022,Tech,Colombo,Peliyagoda,mall_bay,mall_dock,10:00-12:00,10:00,12:00
OUT023,Tech,Colombo,Peliyagoda,street,normal,,09:00,17:00
OUT024,Tech,Colombo,Peliyagoda,rear_dock,normal,,09:00,17:00
OUT025,Fresh,Gampaha,Peliyagoda,rear_dock,normal,,05:30,08:00
OUT026,Fresh,Gampaha,Peliyagoda,rear_dock,normal,,03:00,08:00
OUT027,Fresh,Gampaha,Peliyagoda,street,normal,,05:00,07:30
OUT028,Fresh,Gampaha,Peliyagoda,street,normal,,03:00,08:00
OUT029,Fresh,Gampaha,Peliyagoda,rear_dock,normal,,05:30,08:00
OUT030,Fresh,Gampaha,Peliyagoda,rear_dock,normal,,03:00,08:00
OUT031,Fresh,Gampaha,Peliyagoda,rear_dock,normal,,03:00,08:00
OUT032,Fresh,Gampaha,Peliyagoda,rear_dock,normal,,04:00,07:45
OUT033,Fresh,Gampaha,Peliyagoda,rear_dock,normal,,05:30,08:00
OUT034,Fresh,Gampaha,Peliyagoda,rear_dock,normal,,05:00,07:30
OUT035,Style,Gampaha,Peliyagoda,mall_bay,mall_dock,10:30-12:30,10:30,12:30
OUT036,Style,Gampaha,Peliyagoda,mall_bay,mall_dock,10:30-12:30,10:30,12:30
OUT037,Style,Gampaha,Peliyagoda,street,normal,,09:00,17:00
OUT038,Tech,Gampaha,Peliyagoda,street,normal,,09:00,17:00
OUT039,Tech,Gampaha,Peliyagoda,rear_dock,normal,,09:00,17:00
OUT040,Fresh,Kalutara,Peliyagoda,street,normal,,03:00,08:00
OUT041,Fresh,Kalutara,Peliyagoda,rear_dock,normal,,05:00,07:30
OUT042,Fresh,Kalutara,Peliyagoda,rear_dock,normal,,03:00,08:00
OUT043,Fresh,Kalutara,Peliyagoda,street,normal,,05:00,07:30
OUT044,Fresh,Kalutara,Peliyagoda,rear_dock,normal,,03:00,08:00
OUT045,Fresh,Kalutara,Peliyagoda,rear_dock,normal,,03:00,08:00
OUT046,Fresh,Kalutara,Peliyagoda,rear_dock,normal,,05:00,07:30
OUT047,Style,Kalutara,Peliyagoda,street,normal,,09:00,17:00
OUT048,Style,Kalutara,Peliyagoda,rear_dock,normal,,09:00,17:00
OUT049,Tech,Kalutara,Peliyagoda,street,normal,,09:00,17:00
OUT050,Fresh,Galle,Peliyagoda,rear_dock,normal,,05:30,08:00
OUT051,Fresh,Galle,Peliyagoda,street,normal,,03:00,08:00
OUT052,Fresh,Galle,Peliyagoda,street,normal,,05:00,07:30
OUT053,Fresh,Galle,Peliyagoda,street,normal,,03:00,08:00
OUT054,Fresh,Galle,Peliyagoda,rear_dock,normal,,05:00,07:30
OUT055,Fresh,Galle,Peliyagoda,street,normal,,05:00,07:30
OUT056,Style,Galle,Peliyagoda,mall_bay,mall_dock,10:00-12:00,10:00,12:00
OUT057,Style,Galle,Peliyagoda,street,normal,,09:00,17:00
OUT058,Tech,Galle,Peliyagoda,rear_dock,normal,,09:00,17:00
OUT059,Fresh,Matara,Peliyagoda,rear_dock,normal,,04:00,07:45
OUT060,Fresh,Matara,Peliyagoda,rear_dock,normal,,03:00,08:00
OUT061,Fresh,Matara,Peliyagoda,rear_dock,normal,,05:00,07:30
OUT062,Fresh,Matara,Peliyagoda,rear_dock,normal,,05:30,08:00
OUT063,Style,Matara,Peliyagoda,street,normal,,09:00,17:00
OUT064,Tech,Matara,Peliyagoda,rear_dock,normal,,09:00,17:00
OUT065,Fresh,Kurunegala,Peliyagoda,rear_dock,normal,,05:30,08:00
OUT066,Fresh,Kurunegala,Peliyagoda,rear_dock,normal,,04:00,07:45
OUT067,Fresh,Kurunegala,Peliyagoda,rear_dock,normal,,05:00,07:30
OUT068,Fresh,Kurunegala,Peliyagoda,rear_dock,normal,,03:00,08:00
OUT069,Fresh,Kurunegala,Peliyagoda,rear_dock,normal,,05:30,08:00
OUT070,Style,Kurunegala,Peliyagoda,rear_dock,normal,,09:00,17:00
OUT071,Style,Kurunegala,Peliyagoda,street,normal,,09:00,17:00
OUT072,Tech,Kurunegala,Peliyagoda,rear_dock,normal,,09:00,17:00
OUT073,Fresh,Puttalam,Peliyagoda,rear_dock,normal,,03:00,08:00
OUT074,Fresh,Puttalam,Peliyagoda,rear_dock,normal,,05:30,08:00
OUT075,Fresh,Puttalam,Peliyagoda,rear_dock,normal,,03:00,08:00
OUT076,Fresh,Kandy,Kandy,street,van_only,,03:00,08:00
OUT077,Fresh,Kandy,Kandy,street,van_only,,05:00,07:30
OUT078,Fresh,Kandy,Kandy,street,van_only,,03:00,08:00
OUT079,Fresh,Kandy,Kandy,street,van_only,,04:00,07:45
OUT080,Fresh,Kandy,Kandy,street,van_only,,05:30,08:00
OUT081,Fresh,Kandy,Kandy,street,van_only,,03:00,08:00
OUT082,Fresh,Kandy,Kandy,street,van_only,,03:00,08:00
OUT083,Fresh,Kandy,Kandy,street,van_only,,04:00,07:45
OUT084,Fresh,Kandy,Kandy,rear_dock,normal,,05:30,08:00
OUT085,Fresh,Kandy,Kandy,rear_dock,normal,,05:00,07:30
OUT086,Fresh,Kandy,Kandy,rear_dock,normal,,03:00,08:00
OUT087,Fresh,Kandy,Kandy,rear_dock,normal,,03:00,08:00
OUT088,Style,Kandy,Kandy,street,van_only,,09:00,17:00
OUT089,Style,Kandy,Kandy,mall_bay,mall_dock,10:30-12:30,10:30,12:30
OUT090,Style,Kandy,Kandy,mall_bay,mall_dock,10:30-12:30,10:30,12:30
OUT091,Style,Kandy,Kandy,street,normal,,09:00,17:00
OUT092,Style,Kandy,Kandy,street,normal,,09:00,17:00
OUT093,Tech,Kandy,Kandy,street,van_only,,09:00,17:00
OUT094,Tech,Kandy,Kandy,mall_bay,mall_dock,09:00-11:00,09:00,11:00
OUT095,Tech,Kandy,Kandy,rear_dock,normal,,09:00,17:00
OUT096,Fresh,Matale,Kandy,rear_dock,normal,,05:30,08:00
OUT097,Fresh,Matale,Kandy,street,normal,,03:00,08:00
OUT098,Fresh,Matale,Kandy,rear_dock,normal,,03:00,08:00
OUT099,Fresh,Matale,Kandy,rear_dock,normal,,05:00,07:30
OUT100,Fresh,Matale,Kandy,rear_dock,normal,,03:00,08:00
OUT101,Fresh,Matale,Kandy,rear_dock,normal,,05:00,07:30
OUT102,Style,Matale,Kandy,street,normal,,09:00,17:00
OUT103,Tech,Matale,Kandy,rear_dock,normal,,09:00,17:00
OUT104,Fresh,Nuwara Eliya,Kandy,rear_dock,normal,,03:00,08:00
OUT105,Fresh,Nuwara Eliya,Kandy,rear_dock,normal,,05:00,07:30
OUT106,Fresh,Nuwara Eliya,Kandy,rear_dock,normal,,05:30,08:00
OUT107,Fresh,Nuwara Eliya,Kandy,rear_dock,normal,,03:00,08:00
OUT108,Fresh,Nuwara Eliya,Kandy,rear_dock,normal,,04:00,07:45
OUT109,Style,Nuwara Eliya,Kandy,rear_dock,normal,,09:00,17:00
OUT110,Fresh,Badulla,Kandy,rear_dock,normal,,03:00,08:00
OUT111,Fresh,Badulla,Kandy,rear_dock,normal,,03:00,08:00
OUT112,Fresh,Badulla,Kandy,rear_dock,normal,,04:00,07:45
OUT113,Fresh,Badulla,Kandy,rear_dock,normal,,05:30,08:00
OUT114,Style,Badulla,Kandy,rear_dock,normal,,09:00,17:00
OUT115,Tech,Badulla,Kandy,street,normal,,09:00,17:00
OUT116,Fresh,Kegalle,Kandy,rear_dock,normal,,05:00,07:30
OUT117,Fresh,Kegalle,Kandy,rear_dock,normal,,04:00,07:45
OUT118,Fresh,Kegalle,Kandy,street,normal,,04:00,07:45
OUT119,Fresh,Kegalle,Kandy,rear_dock,normal,,03:00,08:00
OUT120,Style,Kegalle,Kandy,rear_dock,normal,,09:00,17:00
