district,hour,monsoon,speed_index
Colombo,0,0,94
Colombo,1,0,94
Colombo,2,0,94
Colombo,3,0,92
Colombo,4,0,89
Colombo,5,0,79
Colombo,6,0,68
Colombo,7,0,47
Colombo,8,0,46
Colombo,9,0,55
Colombo,10,0,77
Colombo,11,0,78
Colombo,12,0,79
Colombo,13,0,78
Colombo,14,0,78
Colombo,15,0,70
Colombo,16,0,51
Colombo,17,0,50
Colombo,18,0,60
Colombo,19,0,72
Colombo,20,0,84
Colombo,21,0,90
Colombo,22,0,94
Colombo,23,0,94
Colombo,0,1,81
Colombo,1,1,84
Colombo,2,1,82
Colombo,3,1,77
Colombo,4,1,77
Colombo,5,1,68
Colombo,6,1,54
Colombo,7,1,36
Colombo,8,1,33
Colombo,9,1,43
Colombo,10,1,63
Colombo,11,1,66
Colombo,12,1,67
Colombo,13,1,67
Colombo,14,1,64
Colombo,15,1,58
Colombo,16,1,42
Colombo,17,1,38
Colombo,18,1,48
Colombo,19,1,61
Colombo,20,1,73
Colombo,21,1,78
Colombo,22,1,81
Colombo,23,1,84
Gampaha,0,0,98
Gampaha,1,0,97
Gampaha,2,0,97
Gampaha,3,0,95
Gampaha,4,0,94
Gampaha,5,0,87
Gampaha,6,0,80
Gampaha,7,0,67
Gampaha,8,0,61
Gampaha,9,0,71
Gampaha,10,0,86
Gampaha,11,0,90
Gampaha,12,0,90
Gampaha,13,0,89
Gampaha,14,0,86
Gampaha,15,0,82
Gampaha,16,0,68
Gampaha,17,0,65
Gampaha,18,0,76
Gampaha,19,0,87
Gampaha,20,0,93
Gampaha,21,0,97
Gampaha,22,0,96
Gampaha,23,0,99
Gampaha,0,1,87
Gampaha,1,1,87
Gampaha,2,1,86
Gampaha,3,1,85
Gampaha,4,1,81
Gampaha,5,1,76
Gampaha,6,1,68
Gampaha,7,1,54
Gampaha,8,1,50
Gampaha,9,1,57
Gampaha,10,1,71
Gampaha,11,1,79
Gampaha,12,1,78
Gampaha,13,1,77
Gampaha,14,1,75
Gampaha,15,1,70
Gampaha,16,1,55
Gampaha,17,1,55
Gampaha,18,1,64
Gampaha,19,1,76
Gampaha,20,1,80
Gampaha,21,1,84
Gampaha,22,1,86
Gampaha,23,1,88
Kalutara,0,0,97
Kalutara,1,0,97
Kalutara,2,0,95
Kalutara,3,0,94
Kalutara,4,0,91
Kalutara,5,0,87
Kalutara,6,0,78
Kalutara,7,0,65
Kalutara,8,0,60
Kalutara,9,0,68
Kalutara,10,0,83
Kalutara,11,0,88
Kalutara,12,0,87
Kalutara,13,0,87
Kalutara,14,0,87
Kalutara,15,0,80
Kalutara,16,0,65
Kalutara,17,0,66
Kalutara,18,0,75
Kalutara,19,0,84
Kalutara,20,0,90
Kalutara,21,0,93
Kalutara,22,0,93
Kalutara,23,0,97
Kalutara,0,1,85
Kalutara,1,1,85
Kalutara,2,1,81
Kalutara,3,1,81
Kalutara,4,1,78
Kalutara,5,1,74
Kalutara,6,1,68
Kalutara,7,1,52
Kalutara,8,1,47
Kalutara,9,1,56
Kalutara,10,1,73
Kalutara,11,1,76
Kalutara,12,1,75
Kalutara,13,1,77
Kalutara,14,1,74
Kalutara,15,1,68
Kalutara,16,1,55
Kalutara,17,1,52
Kalutara,18,1,64
Kalutara,19,1,71
Kalutara,20,1,78
Kalutara,21,1,81
Kalutara,22,1,83
Kalutara,23,1,85
Galle,0,0,98
Galle,1,0,98
Galle,2,0,98
Galle,3,0,98
Galle,4,0,96
Galle,5,0,96
Galle,6,0,89
Galle,7,0,82
Galle,8,0,78
Galle,9,0,85
Galle,10,0,92
Galle,11,0,93
Galle,12,0,95
Galle,13,0,95
Galle,14,0,94
Galle,15,0,91
Galle,16,0,80
Galle,17,0,80
Galle,18,0,84
Galle,19,0,91
Galle,20,0,95
Galle,21,0,98
Galle,22,0,98
Galle,23,0,96
Galle,0,1,87
Galle,1,1,85
Galle,2,1,86
Galle,3,1,83
Galle,4,1,85
Galle,5,1,83
Galle,6,1,76
Galle,7,1,71
Galle,8,1,65
Galle,9,1,72
Galle,10,1,79
Galle,11,1,82
Galle,12,1,84
Galle,13,1,83
Galle,14,1,82
Galle,15,1,78
Galle,16,1,69
Galle,17,1,68
Galle,18,1,71
Galle,19,1,78
Galle,20,1,82
Galle,21,1,85
Galle,22,1,87
Galle,23,1,85
Matara,0,0,100
Matara,1,0,100
Matara,2,0,97
Matara,3,0,97
Matara,4,0,99
Matara,5,0,95
Matara,6,0,91
Matara,7,0,83
Matara,8,0,80
Matara,9,0,84
Matara,10,0,95
Matara,11,0,94
Matara,12,0,96
Matara,13,0,94
Matara,14,0,93
Matara,15,0,91
Matara,16,0,84
Matara,17,0,81
Matara,18,0,85
Matara,19,0,92
Matara,20,0,96
Matara,21,0,98
Matara,22,0,99
Matara,23,0,100
Matara,0,1,88
Matara,1,1,87
Matara,2,1,86
Matara,3,1,89
Matara,4,1,85
Matara,5,1,83
Matara,6,1,77
Matara,7,1,69
Matara,8,1,69
Matara,9,1,74
Matara,10,1,82
Matara,11,1,84
Matara,12,1,84
Matara,13,1,83
Matara,14,1,82
Matara,15,1,77
Matara,16,1,70
Matara,17,1,68
Matara,18,1,74
Matara,19,1,79
Matara,20,1,85
Matara,21,1,85
Matara,22,1,87
Matara,23,1,87
Kurunegala,0,0,100
Kurunegala,1,0,100
Kurunegala,2,0,98
Kurunegala,3,0,99
Kurunegala,4,0,96
Kurunegala,5,0,91
Kurunegala,6,0,83
Kurunegala,7,0,70
Kurunegala,8,0,63
Kurunegala,9,0,73
Kurunegala,10,0,86
Kurunegala,11,0,93
Kurunegala,12,0,93
Kurunegala,13,0,91
Kurunegala,14,0,88
Kurunegala,15,0,84
Kurunegala,16,0,69
Kurunegala,17,0,69
Kurunegala,18,0,79
Kurunegala,19,0,88
Kurunegala,20,0,96
Kurunegala,21,0,96
Kurunegala,22,0,100
Kurunegala,23,0,100
Kurunegala,0,1,85
Kurunegala,1,1,87
Kurunegala,2,1,88
Kurunegala,3,1,85
Kurunegala,4,1,85
Kurunegala,5,1,76
Kurunegala,6,1,68
Kurunegala,7,1,56
Kurunegala,8,1,51
Kurunegala,9,1,60
Kurunegala,10,1,77
Kurunegala,11,1,80
Kurunegala,12,1,78
Kurunegala,13,1,82
Kurunegala,14,1,78
Kurunegala,15,1,71
Kurunegala,16,1,58
Kurunegala,17,1,56
Kurunegala,18,1,67
Kurunegala,19,1,76
Kurunegala,20,1,83
Kurunegala,21,1,86
Kurunegala,22,1,87
Kurunegala,23,1,89
Puttalam,0,0,92
Puttalam,1,0,93
Puttalam,2,0,92
Puttalam,3,0,94
Puttalam,4,0,90
Puttalam,5,0,82
Puttalam,6,0,75
Puttalam,7,0,62
Puttalam,8,0,60
Puttalam,9,0,65
Puttalam,10,0,82
Puttalam,11,0,86
Puttalam,12,0,87
Puttalam,13,0,87
Puttalam,14,0,83
Puttalam,15,0,77
Puttalam,16,0,61
Puttalam,17,0,62
Puttalam,18,0,73
Puttalam,19,0,82
Puttalam,20,0,90
Puttalam,21,0,93
Puttalam,22,0,93
Puttalam,23,0,93
Puttalam,0,1,82
Puttalam,1,1,84
Puttalam,2,1,82
Puttalam,3,1,79
Puttalam,4,1,77
Puttalam,5,1,73
Puttalam,6,1,66
Puttalam,7,1,52
Puttalam,8,1,45
Puttalam,9,1,53
Puttalam,10,1,69
Puttalam,11,1,72
Puttalam,12,1,74
Puttalam,13,1,74
Puttalam,14,1,72
Puttalam,15,1,66
Puttalam,16,1,51
Puttalam,17,1,51
Puttalam,18,1,60
Puttalam,19,1,71
Puttalam,20,1,78
Puttalam,21,1,81
Puttalam,22,1,82
Puttalam,23,1,82
Kandy,0,0,89
Kandy,1,0,91
Kandy,2,0,90
Kandy,3,0,88
Kandy,4,0,85
Kandy,5,0,77
Kandy,6,0,64
Kandy,7,0,46
Kandy,8,0,42
Kandy,9,0,52
Kandy,10,0,71
Kandy,11,0,76
Kandy,12,0,75
Kandy,13,0,75
Kandy,14,0,72
Kandy,15,0,67
Kandy,16,0,49
Kandy,17,0,47
Kandy,18,0,57
Kandy,19,0,70
Kandy,20,0,81
Kandy,21,0,88
Kandy,22,0,91
Kandy,23,0,93
Kandy,0,1,81
Kandy,1,1,81
Kandy,2,1,79
Kandy,3,1,75
Kandy,4,1,71
Kandy,5,1,63
Kandy,6,1,52
Kandy,7,1,34
Kandy,8,1,32
Kandy,9,1,39
Kandy,10,1,56
Kandy,11,1,61
Kandy,12,1,63
Kandy,13,1,63
Kandy,14,1,62
Kandy,15,1,55
Kandy,16,1,37
Kandy,17,1,34
Kandy,18,1,46
Kandy,19,1,59
Kandy,20,1,70
Kandy,21,1,76
Kandy,22,1,77
Kandy,23,1,80
Matale,0,0,97
Matale,1,0,95
Matale,2,0,96
Matale,3,0,94
Matale,4,0,93
Matale,5,0,87
Matale,6,0,80
Matale,7,0,66
Matale,8,0,60
Matale,9,0,68
Matale,10,0,85
Matale,11,0,90
Matale,12,0,88
Matale,13,0,90
Matale,14,0,86
Matale,15,0,80
Matale,16,0,66
Matale,17,0,65
Matale,18,0,76
Matale,19,0,85
Matale,20,0,93
Matale,21,0,93
Matale,22,0,94
Matale,23,0,96
Matale,0,1,85
Matale,1,1,84
Matale,2,1,83
Matale,3,1,83
Matale,4,1,80
Matale,5,1,75
Matale,6,1,67
Matale,7,1,50
Matale,8,1,49
Matale,9,1,55
Matale,10,1,72
Matale,11,1,77
Matale,12,1,76
Matale,13,1,77
Matale,14,1,74
Matale,15,1,69
Matale,16,1,54
Matale,17,1,54
Matale,18,1,63
Matale,19,1,70
Matale,20,1,77
Matale,21,1,83
Matale,22,1,84
Matale,23,1,87
Nuwara Eliya,0,0,92
Nuwara Eliya,1,0,90
Nuwara Eliya,2,0,90
Nuwara Eliya,3,0,89
Nuwara Eliya,4,0,82
Nuwara Eliya,5,0,79
Nuwara Eliya,6,0,71
Nuwara Eliya,7,0,59
Nuwara Eliya,8,0,57
Nuwara Eliya,9,0,64
Nuwara Eliya,10,0,76
Nuwara Eliya,11,0,80
Nuwara Eliya,12,0,78
Nuwara Eliya,13,0,78
Nuwara Eliya,14,0,79
Nuwara Eliya,15,0,70
Nuwara Eliya,16,0,61
Nuwara Eliya,17,0,59
Nuwara Eliya,18,0,68
Nuwara Eliya,19,0,77
Nuwara Eliya,20,0,83
Nuwara Eliya,21,0,88
Nuwara Eliya,22,0,89
Nuwara Eliya,23,0,92
Nuwara Eliya,0,1,81
Nuwara Eliya,1,1,78
Nuwara Eliya,2,1,79
Nuwara Eliya,3,1,75
Nuwara Eliya,4,1,70
Nuwara Eliya,5,1,64
Nuwara Eliya,6,1,58
Nuwara Eliya,7,1,48
Nuwara Eliya,8,1,45
Nuwara Eliya,9,1,51
Nuwara Eliya,10,1,64
Nuwara Eliya,11,1,68
Nuwara Eliya,12,1,67
Nuwara Eliya,13,1,67
Nuwara Eliya,14,1,66
Nuwara Eliya,15,1,60
Nuwara Eliya,16,1,50
Nuwara Eliya,17,1,48
Nuwara Eliya,18,1,54
Nuwara Eliya,19,1,66
Nuwara Eliya,20,1,74
Nuwara Eliya,21,1,78
Nuwara Eliya,22,1,77
Nuwara Eliya,23,1,78
Badulla,0,0,86
Badulla,1,0,86
Badulla,2,0,87
Badulla,3,0,82
Badulla,4,0,79
Badulla,5,0,72
Badulla,6,0,64
Badulla,7,0,55
Badulla,8,0,55
Badulla,9,0,62
Badulla,10,0,72
Badulla,11,0,76
Badulla,12,0,74
Badulla,13,0,73
Badulla,14,0,72
Badulla,15,0,65
Badulla,16,0,57
Badulla,17,0,56
Badulla,18,0,62
Badulla,19,0,74
Badulla,20,0,81
Badulla,21,0,84
Badulla,22,0,86
Badulla,23,0,86
Badulla,0,1,76
Badulla,1,1,73
Badulla,2,1,74
Badulla,3,1,71
Badulla,4,1,67
Badulla,5,1,61
Badulla,6,1,52
Badulla,7,1,42
Badulla,8,1,41
Badulla,9,1,48
Badulla,10,1,59
Badulla,11,1,62
Badulla,12,1,62
Badulla,13,1,63
Badulla,14,1,61
Badulla,15,1,55
Badulla,16,1,46
Badulla,17,1,43
Badulla,18,1,51
Badulla,19,1,62
Badulla,20,1,71
Badulla,21,1,72
Badulla,22,1,74
Badulla,23,1,75
Kegalle,0,0,91
Kegalle,1,0,90
Kegalle,2,0,90
Kegalle,3,0,88
Kegalle,4,0,86
Kegalle,5,0,81
Kegalle,6,0,73
Kegalle,7,0,59
Kegalle,8,0,55
Kegalle,9,0,63
Kegalle,10,0,80
Kegalle,11,0,82
Kegalle,12,0,84
Kegalle,13,0,82
Kegalle,14,0,82
Kegalle,15,0,75
Kegalle,16,0,61
Kegalle,17,0,59
Kegalle,18,0,69
Kegalle,19,0,80
Kegalle,20,0,86
Kegalle,21,0,88
Kegalle,22,0,89
Kegalle,23,0,90
Kegalle,0,1,78
Kegalle,1,1,78
Kegalle,2,1,79
Kegalle,3,1,78
Kegalle,4,1,75
Kegalle,5,1,70
Kegalle,6,1,61
Kegalle,7,1,48
Kegalle,8,1,41
Kegalle,9,1,51
Kegalle,10,1,67
Kegalle,11,1,70
Kegalle,12,1,72
Kegalle,13,1,71
Kegalle,14,1,68
Kegalle,15,1,63
Kegalle,16,1,50
Kegalle,17,1,47
Kegalle,18,1,57
Kegalle,19,1,67
Kegalle,20,1,74
Kegalle,21,1,75
Kegalle,22,1,78
Kegalle,23,1,79
