vehicle_id,type,temp,weight_cap_kg,volume_cap_m3,fuel_type,km_per_l,weekly_fuel_quota_l,depot
VEH001,truck,reefer,5510,26.4,diesel,4.7,340,Peliyagoda
VEH002,truck,reefer,3990,21.1,diesel,6.1,610,Peliyagoda
VEH003,truck,reefer,5510,26.4,diesel,4.7,480,Peliyagoda
VEH004,truck,reefer,6840,33.4,diesel,4.4,430,Peliyagoda
VEH005,truck,reefer,6840,33.4,diesel,4.4,490,Peliyagoda
VEH006,truck,reefer,6840,33.4,diesel,4.4,380,Peliyagoda
VEH007,truck,reefer,3610,19.4,diesel,6.4,590,Peliyagoda
VEH008,truck,ambient,3800,22.0,diesel,7.1,460,Peliyagoda
VEH009,truck,ambient,5800,30.0,diesel,5.2,440,Peliyagoda
VEH010,truck,ambient,6500,34.0,diesel,5.6,540,Peliyagoda
VEH011,truck,ambient,7200,38.0,diesel,4.9,600,Peliyagoda
VEH012,truck,ambient,4200,24.0,diesel,6.8,540,Peliyagoda
VEH013,truck,ambient,5800,30.0,diesel,5.2,430,Peliyagoda
VEH014,truck,ambient,7200,38.0,diesel,4.9,530,Peliyagoda
VEH015,truck,ambient,3800,22.0,diesel,7.1,560,Peliyagoda
VEH016,truck,ambient,3800,22.0,diesel,7.1,550,Peliyagoda
VEH017,truck,ambient,3800,22.0,diesel,7.1,470,Peliyagoda
VEH018,truck,ambient,3800,22.0,diesel,7.1,450,Peliyagoda
VEH019,truck,ambient,7200,38.0,diesel,4.9,610,Peliyagoda
VEH020,truck,ambient,6500,34.0,diesel,5.6,460,Peliyagoda
VEH021,truck,ambient,4200,24.0,diesel,6.8,440,Peliyagoda
VEH022,truck,ambient,4200,24.0,diesel,6.8,580,Peliyagoda
VEH023,truck,ambient,7200,38.0,diesel,4.9,530,Peliyagoda
VEH024,truck,ambient,6500,34.0,diesel,5.6,600,Peliyagoda
VEH025,truck,ambient,3800,22.0,diesel,7.1,580,Peliyagoda
VEH026,truck,ambient,7200,38.0,diesel,4.9,340,Peliyagoda
VEH027,truck,ambient,3800,22.0,diesel,7.1,440,Peliyagoda
VEH028,truck,ambient,4200,24.0,diesel,6.8,380,Peliyagoda
VEH029,truck,ambient,5800,30.0,diesel,5.2,600,Peliyagoda
VEH030,truck,ambient,6500,34.0,diesel,5.6,360,Peliyagoda
VEH031,truck,ambient,7200,38.0,diesel,4.9,350,Peliyagoda
VEH032,truck,ambient,4200,24.0,diesel,6.8,610,Peliyagoda
VEH033,truck,ambient,7200,38.0,diesel,4.9,470,Peliyagoda
VEH034,truck,ambient,3800,22.0,diesel,7.1,440,Peliyagoda
VEH035,van,reefer,1040,7.0,diesel,10.3,480,Peliyagoda
VEH036,van,reefer,1040,7.0,diesel,10.3,480,Peliyagoda
VEH037,van,ambient,1100,8.0,diesel,11.5,340,Peliyagoda
VEH038,van,ambient,1200,9.0,diesel,10.8,620,Peliyagoda
VEH039,truck,reefer,6180,29.9,diesel,5.0,370,Kandy
VEH040,truck,reefer,5510,26.4,diesel,4.7,380,Kandy
VEH041,truck,reefer,3610,19.4,diesel,6.4,600,Kandy
VEH042,truck,reefer,6180,29.9,diesel,5.0,480,Kandy
VEH043,truck,reefer,5510,26.4,diesel,4.7,450,Kandy
VEH044,truck,ambient,4200,24.0,diesel,6.8,340,Kandy
VEH045,truck,ambient,4200,24.0,diesel,6.8,530,Kandy
VEH046,truck,ambient,3800,22.0,diesel,7.1,350,Kandy
VEH047,truck,ambient,5800,30.0,diesel,5.2,510,Kandy
VEH048,truck,ambient,4200,24.0,diesel,6.8,570,Kandy
VEH049,truck,ambient,4200,24.0,diesel,6.8,390,Kandy
VEH050,truck,ambient,6500,34.0,diesel,5.6,560,Kandy
VEH051,truck,ambient,7200,38.0,diesel,4.9,400,Kandy
VEH052,truck,ambient,4200,24.0,diesel,6.8,570,Kandy
VEH053,truck,ambient,6500,34.0,diesel,5.6,370,Kandy
VEH054,truck,ambient,7200,38.0,diesel,4.9,520,Kandy
VEH055,truck,ambient,4200,24.0,diesel,6.8,530,Kandy
VEH056,truck,ambient,3800,22.0,diesel,7.1,610,Kandy
VEH057,van,reefer,1040,7.0,diesel,10.3,450,Kandy
VEH058,van,reefer,1040,7.0,diesel,10.3,550,Kandy
VEH059,van,ambient,1200,9.0,diesel,10.8,610,Kandy
VEH060,van,ambient,1200,9.0,diesel,10.8,520,Kandy
